Year,Justice Name,Appointing President,Appointing President Party,Year Appointed,Ideology,Age,Years on Court,Status,Departure Reason,President,President Party,Presidential Term,Election Year Type,House Control,Senate Control,Court Conservatives,Court Moderates,Court Liberals
1960,Hugo Black,Franklin D. Roosevelt,Democratic,1937,Liberal,74,23,Stayed,,Dwight D. Eisenhower,Republican,2,Presidential Election,Democratic,Democratic,2,3,4
1960,Felix Frankfurter,Franklin D. Roosevelt,Democratic,1939,Moderate,78,21,Stayed,,Dwight D. Eisenhower,Republican,2,Presidential Election,Democratic,Democratic,2,3,4
1960,William O. Douglas,Franklin D. Roosevelt,Democratic,1939,Liberal,62,21,Stayed,,Dwight D. Eisenhower,Republican,2,Presidential Election,Democratic,Democratic,2,3,4
1960,Tom C. Clark,Harry S. Truman,Democratic,1949,Moderate,61,11,Stayed,,Dwight D. Eisenhower,Republican,2,Presidential Election,Democratic,Democratic,2,3,4
1960,Earl Warren,Dwight D. Eisenhower,Republican,1953,Liberal,69,7,Stayed,,Dwight D. Eisenhower,Republican,2,Presidential Election,Democratic,Democratic,2,3,4
1960,John Marshall Harlan II,Dwight D. Eisenhower,Republican,1955,Conservative,61,5,Stayed,,Dwight D. Eisenhower,Republican,2,Presidential Election,Democratic,Democratic,2,3,4
1960,William J. Brennan Jr.,Dwight D. Eisenhower,Republican,1956,Liberal,54,4,Stayed,,Dwight D. Eisenhower,Republican,2,Presidential Election,Democratic,Democratic,2,3,4
1960,Charles Evans Whittaker,Dwight D. Eisenhower,Republican,1957,Conservative,59,3,Stayed,,Dwight D. Eisenhower,Republican,2,Presidential Election,Democratic,Democratic,2,3,4
1960,Potter Stewart,Dwight D. Eisenhower,Republican,1958,Moderate,45,2,Stayed,,Dwight D. Eisenhower,Republican,2,Presidential Election,Democratic,Democratic,2,3,4
1961,Hugo Black,Franklin D. Roosevelt,Democratic,1937,Liberal,75,24,Stayed,,John F. Kennedy,Democratic,1,Non-Election Year,Democratic,Democratic,2,3,4
1961,Felix Frankfurter,Franklin D. Roosevelt,Democratic,1939,Moderate,79,22,Stayed,,John F. Kennedy,Democratic,1,Non-Election Year,Democratic,Democratic,2,3,4
1961,William O. Douglas,Franklin D. Roosevelt,Democratic,1939,Liberal,63,22,Stayed,,John F. Kennedy,Democratic,1,Non-Election Year,Democratic,Democratic,2,3,4
1961,Tom C. Clark,Harry S. Truman,Democratic,1949,Moderate,62,12,Stayed,,John F. Kennedy,Democratic,1,Non-Election Year,Democratic,Democratic,2,3,4
1961,Earl Warren,Dwight D. Eisenhower,Republican,1953,Liberal,70,8,Stayed,,John F. Kennedy,Democratic,1,Non-Election Year,Democratic,Democratic,2,3,4
1961,John Marshall Harlan II,Dwight D. Eisenhower,Republican,1955,Conservative,62,6,Stayed,,John F. Kennedy,Democratic,1,Non-Election Year,Democratic,Democratic,2,3,4
1961,William J. Brennan Jr.,Dwight D. Eisenhower,Republican,1956,Liberal,55,5,Stayed,,John F. Kennedy,Democratic,1,Non-Election Year,Democratic,Democratic,2,3,4
1961,Charles Evans Whittaker,Dwight D. Eisenhower,Republican,1957,Conservative,60,4,Stayed,,John F. Kennedy,Democratic,1,Non-Election Year,Democratic,Democratic,2,3,4
1961,Potter Stewart,Dwight D. Eisenhower,Republican,1958,Moderate,46,3,Stayed,,John F. Kennedy,Democratic,1,Non-Election Year,Democratic,Democratic,2,3,4
1962,Hugo Black,Franklin D. Roosevelt,Democratic,1937,Liberal,76,25,Stayed,,John F. Kennedy,Democratic,1,Mid-Term Election,Democratic,Democratic,2,4,5
1962,Felix Frankfurter,Franklin D. Roosevelt,Democratic,1939,Moderate,80,23,Left - Voluntary,Retired,John F. Kennedy,Democratic,1,Mid-Term Election,Democratic,Democratic,2,4,5
1962,William O. Douglas,Franklin D. Roosevelt,Democratic,1939,Liberal,64,23,Stayed,,John F. Kennedy,Democratic,1,Mid-Term Election,Democratic,Democratic,2,4,5
1962,Tom C. Clark,Harry S. Truman,Democratic,1949,Moderate,63,13,Stayed,,John F. Kennedy,Democratic,1,Mid-Term Election,Democratic,Democratic,2,4,5
1962,Earl Warren,Dwight D. Eisenhower,Republican,1953,Liberal,71,9,Stayed,,John F. Kennedy,Democratic,1,Mid-Term Election,Democratic,Democratic,2,4,5
1962,John Marshall Harlan II,Dwight D. Eisenhower,Republican,1955,Conservative,63,7,Stayed,,John F. Kennedy,Democratic,1,Mid-Term Election,Democratic,Democratic,2,4,5
1962,William J. Brennan Jr.,Dwight D. Eisenhower,Republican,1956,Liberal,56,6,Stayed,,John F. Kennedy,Democratic,1,Mid-Term Election,Democratic,Democratic,2,4,5
1962,Charles Evans Whittaker,Dwight D. Eisenhower,Republican,1957,Conservative,61,5,Left - Voluntary,Retired,John F. Kennedy,Democratic,1,Mid-Term Election,Democratic,Democratic,2,4,5
1962,Potter Stewart,Dwight D. Eisenhower,Republican,1958,Moderate,47,4,Stayed,,John F. Kennedy,Democratic,1,Mid-Term Election,Democratic,Democratic,2,4,5
1962,Byron White,John F. Kennedy,Democratic,1962,Moderate,45,0,Stayed,,John F. Kennedy,Democratic,1,Mid-Term Election,Democratic,Democratic,2,4,5
1962,Arthur Goldberg,John F. Kennedy,Democratic,1962,Liberal,54,0,Stayed,,John F. Kennedy,Democratic,1,Mid-Term Election,Democratic,Democratic,2,4,5
1963,Hugo Black,Franklin D. Roosevelt,Democratic,1937,Liberal,77,26,Stayed,,John F. Kennedy,Democratic,1,Non-Election Year,Democratic,Democratic,1,3,5
1963,William O. Douglas,Franklin D. Roosevelt,Democratic,1939,Liberal,65,24,Stayed,,John F. Kennedy,Democratic,1,Non-Election Year,Democratic,Democratic,1,3,5
1963,Tom C. Clark,Harry S. Truman,Democratic,1949,Moderate,64,14,Stayed,,John F. Kennedy,Democratic,1,Non-Election Year,Democratic,Democratic,1,3,5
1963,Earl Warren,Dwight D. Eisenhower,Republican,1953,Liberal,72,10,Stayed,,John F. Kennedy,Democratic,1,Non-Election Year,Democratic,Democratic,1,3,5
1963,John Marshall Harlan II,Dwight D. Eisenhower,Republican,1955,Conservative,64,8,Stayed,,John F. Kennedy,Democratic,1,Non-Election Year,Democratic,Democratic,1,3,5
1963,William J. Brennan Jr.,Dwight D. Eisenhower,Republican,1956,Liberal,57,7,Stayed,,John F. Kennedy,Democratic,1,Non-Election Year,Democratic,Democratic,1,3,5
1963,Potter Stewart,Dwight D. Eisenhower,Republican,1958,Moderate,48,5,Stayed,,John F. Kennedy,Democratic,1,Non-Election Year,Democratic,Democratic,1,3,5
1963,Byron White,John F. Kennedy,Democratic,1962,Moderate,46,1,Stayed,,John F. Kennedy,Democratic,1,Non-Election Year,Democratic,Democratic,1,3,5
1963,Arthur Goldberg,John F. Kennedy,Democratic,1962,Liberal,55,1,Stayed,,John F. Kennedy,Democratic,1,Non-Election Year,Democratic,Democratic,1,3,5
1964,Hugo Black,Franklin D. Roosevelt,Democratic,1937,Liberal,78,27,Stayed,,Lyndon B. Johnson,Democratic,1,Presidential Election,Democratic,Democratic,1,3,5
1964,William O. Douglas,Franklin D. Roosevelt,Democratic,1939,Liberal,66,25,Stayed,,Lyndon B. Johnson,Democratic,1,Presidential Election,Democratic,Democratic,1,3,5
1964,Tom C. Clark,Harry S. Truman,Democratic,1949,Moderate,65,15,Stayed,,Lyndon B. Johnson,Democratic,1,Presidential Election,Democratic,Democratic,1,3,5
1964,Earl Warren,Dwight D. Eisenhower,Republican,1953,Liberal,73,11,Stayed,,Lyndon B. Johnson,Democratic,1,Presidential Election,Democratic,Democratic,1,3,5
1964,John Marshall Harlan II,Dwight D. Eisenhower,Republican,1955,Conservative,65,9,Stayed,,Lyndon B. Johnson,Democratic,1,Presidential Election,Democratic,Democratic,1,3,5
1964,William J. Brennan Jr.,Dwight D. Eisenhower,Republican,1956,Liberal,58,8,Stayed,,Lyndon B. Johnson,Democratic,1,Presidential Election,Democratic,Democratic,1,3,5
1964,Potter Stewart,Dwight D. Eisenhower,Republican,1958,Moderate,49,6,Stayed,,Lyndon B. Johnson,Democratic,1,Presidential Election,Democratic,Democratic,1,3,5
1964,Byron White,John F. Kennedy,Democratic,1962,Moderate,47,2,Stayed,,Lyndon B. Johnson,Democratic,1,Presidential Election,Democratic,Democratic,1,3,5
1964,Arthur Goldberg,John F. Kennedy,Democratic,1962,Liberal,56,2,Stayed,,Lyndon B. Johnson,Democratic,1,Presidential Election,Democratic,Democratic,1,3,5
1965,Hugo Black,Franklin D. Roosevelt,Democratic,1937,Liberal,79,28,Stayed,,Lyndon B. Johnson,Democratic,1,Non-Election Year,Democratic,Democratic,1,3,6
1965,William O. Douglas,Franklin D. Roosevelt,Democratic,1939,Liberal,67,26,Stayed,,Lyndon B. Johnson,Democratic,1,Non-Election Year,Democratic,Democratic,1,3,6
1965,Tom C. Clark,Harry S. Truman,Democratic,1949,Moderate,66,16,Stayed,,Lyndon B. Johnson,Democratic,1,Non-Election Year,Democratic,Democratic,1,3,6
1965,Earl Warren,Dwight D. Eisenhower,Republican,1953,Liberal,74,12,Stayed,,Lyndon B. Johnson,Democratic,1,Non-Election Year,Democratic,Democratic,1,3,6
1965,John Marshall Harlan II,Dwight D. Eisenhower,Republican,1955,Conservative,66,10,Stayed,,Lyndon B. Johnson,Democratic,1,Non-Election Year,Democratic,Democratic,1,3,6
1965,William J. Brennan Jr.,Dwight D. Eisenhower,Republican,1956,Liberal,59,9,Stayed,,Lyndon B. Johnson,Democratic,1,Non-Election Year,Democratic,Democratic,1,3,6
1965,Potter Stewart,Dwight D. Eisenhower,Republican,1958,Moderate,50,7,Stayed,,Lyndon B. Johnson,Democratic,1,Non-Election Year,Democratic,Democratic,1,3,6
1965,Byron White,John F. Kennedy,Democratic,1962,Moderate,48,3,Stayed,,Lyndon B. Johnson,Democratic,1,Non-Election Year,Democratic,Democratic,1,3,6
1965,Arthur Goldberg,John F. Kennedy,Democratic,1962,Liberal,57,3,Left - Voluntary,Resigned,Lyndon B. Johnson,Democratic,1,Non-Election Year,Democratic,Democratic,1,3,6
1965,Abe Fortas,Lyndon B. Johnson,Democratic,1965,Liberal,55,0,Stayed,,Lyndon B. Johnson,Democratic,1,Non-Election Year,Democratic,Democratic,1,3,6
1966,Hugo Black,Franklin D. Roosevelt,Democratic,1937,Liberal,80,29,Stayed,,Lyndon B. Johnson,Democratic,1,Mid-Term Election,Democratic,Democratic,1,3,5
1966,William O. Douglas,Franklin D. Roosevelt,Democratic,1939,Liberal,68,27,Stayed,,Lyndon B. Johnson,Democratic,1,Mid-Term Election,Democratic,Democratic,1,3,5
1966,Tom C. Clark,Harry S. Truman,Democratic,1949,Moderate,67,17,Stayed,,Lyndon B. Johnson,Democratic,1,Mid-Term Election,Democratic,Democratic,1,3,5
1966,Earl Warren,Dwight D. Eisenhower,Republican,1953,Liberal,75,13,Stayed,,Lyndon B. Johnson,Democratic,1,Mid-Term Election,Democratic,Democratic,1,3,5
1966,John Marshall Harlan II,Dwight D. Eisenhower,Republican,1955,Conservative,67,11,Stayed,,Lyndon B. Johnson,Democratic,1,Mid-Term Election,Democratic,Democratic,1,3,5
1966,William J. Brennan Jr.,Dwight D. Eisenhower,Republican,1956,Liberal,60,10,Stayed,,Lyndon B. Johnson,Democratic,1,Mid-Term Election,Democratic,Democratic,1,3,5
1966,Potter Stewart,Dwight D. Eisenhower,Republican,1958,Moderate,51,8,Stayed,,Lyndon B. Johnson,Democratic,1,Mid-Term Election,Democratic,Democratic,1,3,5
1966,Byron White,John F. Kennedy,Democratic,1962,Moderate,49,4,Stayed,,Lyndon B. Johnson,Democratic,1,Mid-Term Election,Democratic,Democratic,1,3,5
1966,Abe Fortas,Lyndon B. Johnson,Democratic,1965,Liberal,56,1,Stayed,,Lyndon B. Johnson,Democratic,1,Mid-Term Election,Democratic,Democratic,1,3,5
1967,Hugo Black,Franklin D. Roosevelt,Democratic,1937,Liberal,81,30,Stayed,,Lyndon B. Johnson,Democratic,1,Non-Election Year,Democratic,Democratic,1,3,6
1967,William O. Douglas,Franklin D. Roosevelt,Democratic,1939,Liberal,69,28,Stayed,,Lyndon B. Johnson,Democratic,1,Non-Election Year,Democratic,Democratic,1,3,6
1967,Tom C. Clark,Harry S. Truman,Democratic,1949,Moderate,68,18,Left - Voluntary,Retired,Lyndon B. Johnson,Democratic,1,Non-Election Year,Democratic,Democratic,1,3,6
1967,Earl Warren,Dwight D. Eisenhower,Republican,1953,Liberal,76,14,Stayed,,Lyndon B. Johnson,Democratic,1,Non-Election Year,Democratic,Democratic,1,3,6
1967,John Marshall Harlan II,Dwight D. Eisenhower,Republican,1955,Conservative,68,12,Stayed,,Lyndon B. Johnson,Democratic,1,Non-Election Year,Democratic,Democratic,1,3,6
1967,William J. Brennan Jr.,Dwight D. Eisenhower,Republican,1956,Liberal,61,11,Stayed,,Lyndon B. Johnson,Democratic,1,Non-Election Year,Democratic,Democratic,1,3,6
1967,Potter Stewart,Dwight D. Eisenhower,Republican,1958,Moderate,52,9,Stayed,,Lyndon B. Johnson,Democratic,1,Non-Election Year,Democratic,Democratic,1,3,6
1967,Byron White,John F. Kennedy,Democratic,1962,Moderate,50,5,Stayed,,Lyndon B. Johnson,Democratic,1,Non-Election Year,Democratic,Democratic,1,3,6
1967,Abe Fortas,Lyndon B. Johnson,Democratic,1965,Liberal,57,2,Stayed,,Lyndon B. Johnson,Democratic,1,Non-Election Year,Democratic,Democratic,1,3,6
1967,Thurgood Marshall,Lyndon B. Johnson,Democratic,1967,Liberal,59,0,Stayed,,Lyndon B. Johnson,Democratic,1,Non-Election Year,Democratic,Democratic,1,3,6
1968,Hugo Black,Franklin D. Roosevelt,Democratic,1937,Liberal,82,31,Stayed,,Lyndon B. Johnson,Democratic,1,Presidential Election,Democratic,Democratic,1,2,6
1968,William O. Douglas,Franklin D. Roosevelt,Democratic,1939,Liberal,70,29,Stayed,,Lyndon B. Johnson,Democratic,1,Presidential Election,Democratic,Democratic,1,2,6
1968,Earl Warren,Dwight D. Eisenhower,Republican,1953,Liberal,77,15,Stayed,,Lyndon B. Johnson,Democratic,1,Presidential Election,Democratic,Democratic,1,2,6
1968,John Marshall Harlan II,Dwight D. Eisenhower,Republican,1955,Conservative,69,13,Stayed,,Lyndon B. Johnson,Democratic,1,Presidential Election,Democratic,Democratic,1,2,6
1968,William J. Brennan Jr.,Dwight D. Eisenhower,Republican,1956,Liberal,62,12,Stayed,,Lyndon B. Johnson,Democratic,1,Presidential Election,Democratic,Democratic,1,2,6
1968,Potter Stewart,Dwight D. Eisenhower,Republican,1958,Moderate,53,10,Stayed,,Lyndon B. Johnson,Democratic,1,Presidential Election,Democratic,Democratic,1,2,6
1968,Byron White,John F. Kennedy,Democratic,1962,Moderate,51,6,Stayed,,Lyndon B. Johnson,Democratic,1,Presidential Election,Democratic,Democratic,1,2,6
1968,Abe Fortas,Lyndon B. Johnson,Democratic,1965,Liberal,58,3,Stayed,,Lyndon B. Johnson,Democratic,1,Presidential Election,Democratic,Democratic,1,2,6
1968,Thurgood Marshall,Lyndon B. Johnson,Democratic,1967,Liberal,60,1,Stayed,,Lyndon B. Johnson,Democratic,1,Presidential Election,Democratic,Democratic,1,2,6
1969,Hugo Black,Franklin D. Roosevelt,Democratic,1937,Liberal,83,32,Stayed,,Richard Nixon,Republican,1,Non-Election Year,Democratic,Democratic,2,2,6
1969,William O. Douglas,Franklin D. Roosevelt,Democratic,1939,Liberal,71,30,Stayed,,Richard Nixon,Republican,1,Non-Election Year,Democratic,Democratic,2,2,6
1969,Earl Warren,Dwight D. Eisenhower,Republican,1953,Liberal,78,16,Left - Voluntary,Retired,Richard Nixon,Republican,1,Non-Election Year,Democratic,Democratic,2,2,6
1969,John Marshall Harlan II,Dwight D. Eisenhower,Republican,1955,Conservative,70,14,Stayed,,Richard Nixon,Republican,1,Non-Election Year,Democratic,Democratic,2,2,6
1969,William J. Brennan Jr.,Dwight D. Eisenhower,Republican,1956,Liberal,63,13,Stayed,,Richard Nixon,Republican,1,Non-Election Year,Democratic,Democratic,2,2,6
1969,Potter Stewart,Dwight D. Eisenhower,Republican,1958,Moderate,54,11,Stayed,,Richard Nixon,Republican,1,Non-Election Year,Democratic,Democratic,2,2,6
1969,Byron White,John F. Kennedy,Democratic,1962,Moderate,52,7,Stayed,,Richard Nixon,Republican,1,Non-Election Year,Democratic,Democratic,2,2,6
1969,Abe Fortas,Lyndon B. Johnson,Democratic,1965,Liberal,59,4,Left - Voluntary,Resigned,Richard Nixon,Republican,1,Non-Election Year,Democratic,Democratic,2,2,6
1969,Thurgood Marshall,Lyndon B. Johnson,Democratic,1967,Liberal,61,2,Stayed,,Richard Nixon,Republican,1,Non-Election Year,Democratic,Democratic,2,2,6
1969,Warren E. Burger,Richard Nixon,Republican,1969,Conservative,62,0,Stayed,,Richard Nixon,Republican,1,Non-Election Year,Democratic,Democratic,2,2,6
1970,Hugo Black,Franklin D. Roosevelt,Democratic,1937,Liberal,84,33,Stayed,,Richard Nixon,Republican,1,Mid-Term Election,Democratic,Democratic,2,2,5
1970,William O. Douglas,Franklin D. Roosevelt,Democratic,1939,Liberal,72,31,Stayed,,Richard Nixon,Republican,1,Mid-Term Election,Democratic,Democratic,2,2,5
1970,John Marshall Harlan II,Dwight D. Eisenhower,Republican,1955,Conservative,71,15,Stayed,,Richard Nixon,Republican,1,Mid-Term Election,Democratic,Democratic,2,2,5
1970,William J. Brennan Jr.,Dwight D. Eisenhower,Republican,1956,Liberal,64,14,Stayed,,Richard Nixon,Republican,1,Mid-Term Election,Democratic,Democratic,2,2,5
1970,Potter Stewart,Dwight D. Eisenhower,Republican,1958,Moderate,55,12,Stayed,,Richard Nixon,Republican,1,Mid-Term Election,Democratic,Democratic,2,2,5
1970,Byron White,John F. Kennedy,Democratic,1962,Moderate,53,8,Stayed,,Richard Nixon,Republican,1,Mid-Term Election,Democratic,Democratic,2,2,5
1970,Thurgood Marshall,Lyndon B. Johnson,Democratic,1967,Liberal,62,3,Stayed,,Richard Nixon,Republican,1,Mid-Term Election,Democratic,Democratic,2,2,5
1970,Warren E. Burger,Richard Nixon,Republican,1969,Conservative,63,1,Stayed,,Richard Nixon,Republican,1,Mid-Term Election,Democratic,Democratic,2,2,5
1970,Harry Blackmun,Richard Nixon,Republican,1970,Liberal,62,0,Stayed,,Richard Nixon,Republican,1,Mid-Term Election,Democratic,Democratic,2,2,5
1971,Hugo Black,Franklin D. Roosevelt,Democratic,1937,Liberal,85,34,Left - Voluntary,Retired,Richard Nixon,Republican,1,Non-Election Year,Democratic,Democratic,2,2,5
1971,William O. Douglas,Franklin D. Roosevelt,Democratic,1939,Liberal,73,32,Stayed,,Richard Nixon,Republican,1,Non-Election Year,Democratic,Democratic,2,2,5
1971,John Marshall Harlan II,Dwight D. Eisenhower,Republican,1955,Conservative,72,16,Left - Voluntary,Retired,Richard Nixon,Republican,1,Non-Election Year,Democratic,Democratic,2,2,5
1971,William J. Brennan Jr.,Dwight D. Eisenhower,Republican,1956,Liberal,65,15,Stayed,,Richard Nixon,Republican,1,Non-Election Year,Democratic,Democratic,2,2,5
1971,Potter Stewart,Dwight D. Eisenhower,Republican,1958,Moderate,56,13,Stayed,,Richard Nixon,Republican,1,Non-Election Year,Democratic,Democratic,2,2,5
1971,Byron White,John F. Kennedy,Democratic,1962,Moderate,54,9,Stayed,,Richard Nixon,Republican,1,Non-Election Year,Democratic,Democratic,2,2,5
1971,Thurgood Marshall,Lyndon B. Johnson,Democratic,1967,Liberal,63,4,Stayed,,Richard Nixon,Republican,1,Non-Election Year,Democratic,Democratic,2,2,5
1971,Warren E. Burger,Richard Nixon,Republican,1969,Conservative,64,2,Stayed,,Richard Nixon,Republican,1,Non-Election Year,Democratic,Democratic,2,2,5
1971,Harry Blackmun,Richard Nixon,Republican,1970,Liberal,63,1,Stayed,,Richard Nixon,Republican,1,Non-Election Year,Democratic,Democratic,2,2,5
1972,William O. Douglas,Franklin D. Roosevelt,Democratic,1939,Liberal,74,33,Stayed,,Richard Nixon,Republican,1,Presidential Election,Democratic,Democratic,2,3,4
1972,William J. Brennan Jr.,Dwight D. Eisenhower,Republican,1956,Liberal,66,16,Stayed,,Richard Nixon,Republican,1,Presidential Election,Democratic,Democratic,2,3,4
1972,Potter Stewart,Dwight D. Eisenhower,Republican,1958,Moderate,57,14,Stayed,,Richard Nixon,Republican,1,Presidential Election,Democratic,Democratic,2,3,4
1972,Byron White,John F. Kennedy,Democratic,1962,Moderate,55,10,Stayed,,Richard Nixon,Republican,1,Presidential Election,Democratic,Democratic,2,3,4
1972,Thurgood Marshall,Lyndon B. Johnson,Democratic,1967,Liberal,64,5,Stayed,,Richard Nixon,Republican,1,Presidential Election,Democratic,Democratic,2,3,4
1972,Warren E. Burger,Richard Nixon,Republican,1969,Conservative,65,3,Stayed,,Richard Nixon,Republican,1,Presidential Election,Democratic,Democratic,2,3,4
1972,Harry Blackmun,Richard Nixon,Republican,1970,Liberal,64,2,Stayed,,Richard Nixon,Republican,1,Presidential Election,Democratic,Democratic,2,3,4
1972,Lewis F. Powell Jr.,Richard Nixon,Republican,1972,Moderate,65,0,Stayed,,Richard Nixon,Republican,1,Presidential Election,Democratic,Democratic,2,3,4
1972,William Rehnquist,Richard Nixon,Republican,1972,Conservative,48,0,Stayed,,Richard Nixon,Republican,1,Presidential Election,Democratic,Democratic,2,3,4
1973,William O. Douglas,Franklin D. Roosevelt,Democratic,1939,Liberal,75,34,Stayed,,Richard Nixon,Republican,2,Non-Election Year,Democratic,Democratic,2,3,4
1973,William J. Brennan Jr.,Dwight D. Eisenhower,Republican,1956,Liberal,67,17,Stayed,,Richard Nixon,Republican,2,Non-Election Year,Democratic,Democratic,2,3,4
1973,Potter Stewart,Dwight D. Eisenhower,Republican,1958,Moderate,58,15,Stayed,,Richard Nixon,Republican,2,Non-Election Year,Democratic,Democratic,2,3,4
1973,Byron White,John F. Kennedy,Democratic,1962,Moderate,56,11,Stayed,,Richard Nixon,Republican,2,Non-Election Year,Democratic,Democratic,2,3,4
1973,Thurgood Marshall,Lyndon B. Johnson,Democratic,1967,Liberal,65,6,Stayed,,Richard Nixon,Republican,2,Non-Election Year,Democratic,Democratic,2,3,4
1973,Warren E. Burger,Richard Nixon,Republican,1969,Conservative,66,4,Stayed,,Richard Nixon,Republican,2,Non-Election Year,Democratic,Democratic,2,3,4
1973,Harry Blackmun,Richard Nixon,Republican,1970,Liberal,65,3,Stayed,,Richard Nixon,Republican,2,Non-Election Year,Democratic,Democratic,2,3,4
1973,Lewis F. Powell Jr.,Richard Nixon,Republican,1972,Moderate,66,1,Stayed,,Richard Nixon,Republican,2,Non-Election Year,Democratic,Democratic,2,3,4
1973,William Rehnquist,Richard Nixon,Republican,1972,Conservative,49,1,Stayed,,Richard Nixon,Republican,2,Non-Election Year,Democratic,Democratic,2,3,4
1974,William O. Douglas,Franklin D. Roosevelt,Democratic,1939,Liberal,76,35,Stayed,,Richard Nixon,Republican,2,Mid-Term Election,Democratic,Democratic,2,3,4
1974,William J. Brennan Jr.,Dwight D. Eisenhower,Republican,1956,Liberal,68,18,Stayed,,Richard Nixon,Republican,2,Mid-Term Election,Democratic,Democratic,2,3,4
1974,Potter Stewart,Dwight D. Eisenhower,Republican,1958,Moderate,59,16,Stayed,,Richard Nixon,Republican,2,Mid-Term Election,Democratic,Democratic,2,3,4
1974,Byron White,John F. Kennedy,Democratic,1962,Moderate,57,12,Stayed,,Richard Nixon,Republican,2,Mid-Term Election,Democratic,Democratic,2,3,4
1974,Thurgood Marshall,Lyndon B. Johnson,Democratic,1967,Liberal,66,7,Stayed,,Richard Nixon,Republican,2,Mid-Term Election,Democratic,Democratic,2,3,4
1974,Warren E. Burger,Richard Nixon,Republican,1969,Conservative,67,5,Stayed,,Richard Nixon,Republican,2,Mid-Term Election,Democratic,Democratic,2,3,4
1974,Harry Blackmun,Richard Nixon,Republican,1970,Liberal,66,4,Stayed,,Richard Nixon,Republican,2,Mid-Term Election,Democratic,Democratic,2,3,4
1974,Lewis F. Powell Jr.,Richard Nixon,Republican,1972,Moderate,67,2,Stayed,,Richard Nixon,Republican,2,Mid-Term Election,Democratic,Democratic,2,3,4
1974,William Rehnquist,Richard Nixon,Republican,1972,Conservative,50,2,Stayed,,Richard Nixon,Republican,2,Mid-Term Election,Democratic,Democratic,2,3,4
1975,William O. Douglas,Franklin D. Roosevelt,Democratic,1939,Liberal,77,36,Left - Voluntary,Retired,Gerald Ford,Republican,1,Non-Election Year,Democratic,Democratic,2,3,5
1975,William J. Brennan Jr.,Dwight D. Eisenhower,Republican,1956,Liberal,69,19,Stayed,,Gerald Ford,Republican,1,Non-Election Year,Democratic,Democratic,2,3,5
1975,Potter Stewart,Dwight D. Eisenhower,Republican,1958,Moderate,60,17,Stayed,,Gerald Ford,Republican,1,Non-Election Year,Democratic,Democratic,2,3,5
1975,Byron White,John F. Kennedy,Democratic,1962,Moderate,58,13,Stayed,,Gerald Ford,Republican,1,Non-Election Year,Democratic,Democratic,2,3,5
1975,Thurgood Marshall,Lyndon B. Johnson,Democratic,1967,Liberal,67,8,Stayed,,Gerald Ford,Republican,1,Non-Election Year,Democratic,Democratic,2,3,5
1975,Warren E. Burger,Richard Nixon,Republican,1969,Conservative,68,6,Stayed,,Gerald Ford,Republican,1,Non-Election Year,Democratic,Democratic,2,3,5
1975,Harry Blackmun,Richard Nixon,Republican,1970,Liberal,67,5,Stayed,,Gerald Ford,Republican,1,Non-Election Year,Democratic,Democratic,2,3,5
1975,Lewis F. Powell Jr.,Richard Nixon,Republican,1972,Moderate,68,3,Stayed,,Gerald Ford,Republican,1,Non-Election Year,Democratic,Democratic,2,3,5
1975,William Rehnquist,Richard Nixon,Republican,1972,Conservative,51,3,Stayed,,Gerald Ford,Republican,1,Non-Election Year,Democratic,Democratic,2,3,5
1975,John Paul Stevens,Gerald Ford,Republican,1975,Liberal,55,0,Stayed,,Gerald Ford,Republican,1,Non-Election Year,Democratic,Democratic,2,3,5
1976,William J. Brennan Jr.,Dwight D. Eisenhower,Republican,1956,Liberal,70,20,Stayed,,Gerald Ford,Republican,1,Presidential Election,Democratic,Democratic,2,3,4
1976,Potter Stewart,Dwight D. Eisenhower,Republican,1958,Moderate,61,18,Stayed,,Gerald Ford,Republican,1,Presidential Election,Democratic,Democratic,2,3,4
1976,Byron White,John F. Kennedy,Democratic,1962,Moderate,59,14,Stayed,,Gerald Ford,Republican,1,Presidential Election,Democratic,Democratic,2,3,4
1976,Thurgood Marshall,Lyndon B. Johnson,Democratic,1967,Liberal,68,9,Stayed,,Gerald Ford,Republican,1,Presidential Election,Democratic,Democratic,2,3,4
1976,Warren E. Burger,Richard Nixon,Republican,1969,Conservative,69,7,Stayed,,Gerald Ford,Republican,1,Presidential Election,Democratic,Democratic,2,3,4
1976,Harry Blackmun,Richard Nixon,Republican,1970,Liberal,68,6,Stayed,,Gerald Ford,Republican,1,Presidential Election,Democratic,Democratic,2,3,4
1976,Lewis F. Powell Jr.,Richard Nixon,Republican,1972,Moderate,69,4,Stayed,,Gerald Ford,Republican,1,Presidential Election,Democratic,Democratic,2,3,4
1976,William Rehnquist,Richard Nixon,Republican,1972,Conservative,52,4,Stayed,,Gerald Ford,Republican,1,Presidential Election,Democratic,Democratic,2,3,4
1976,John Paul Stevens,Gerald Ford,Republican,1975,Liberal,56,1,Stayed,,Gerald Ford,Republican,1,Presidential Election,Democratic,Democratic,2,3,4
1977,William J. Brennan Jr.,Dwight D. Eisenhower,Republican,1956,Liberal,71,21,Stayed,,Jimmy Carter,Democratic,1,Non-Election Year,Democratic,Democratic,2,3,4
1977,Potter Stewart,Dwight D. Eisenhower,Republican,1958,Moderate,62,19,Stayed,,Jimmy Carter,Democratic,1,Non-Election Year,Democratic,Democratic,2,3,4
1977,Byron White,John F. Kennedy,Democratic,1962,Moderate,60,15,Stayed,,Jimmy Carter,Democratic,1,Non-Election Year,Democratic,Democratic,2,3,4
1977,Thurgood Marshall,Lyndon B. Johnson,Democratic,1967,Liberal,69,10,Stayed,,Jimmy Carter,Democratic,1,Non-Election Year,Democratic,Democratic,2,3,4
1977,Warren E. Burger,Richard Nixon,Republican,1969,Conservative,70,8,Stayed,,Jimmy Carter,Democratic,1,Non-Election Year,Democratic,Democratic,2,3,4
1977,Harry Blackmun,Richard Nixon,Republican,1970,Liberal,69,7,Stayed,,Jimmy Carter,Democratic,1,Non-Election Year,Democratic,Democratic,2,3,4
1977,Lewis F. Powell Jr.,Richard Nixon,Republican,1972,Moderate,70,5,Stayed,,Jimmy Carter,Democratic,1,Non-Election Year,Democratic,Democratic,2,3,4
1977,William Rehnquist,Richard Nixon,Republican,1972,Conservative,53,5,Stayed,,Jimmy Carter,Democratic,1,Non-Election Year,Democratic,Democratic,2,3,4
1977,John Paul Stevens,Gerald Ford,Republican,1975,Liberal,57,2,Stayed,,Jimmy Carter,Democratic,1,Non-Election Year,Democratic,Democratic,2,3,4
1978,William J. Brennan Jr.,Dwight D. Eisenhower,Republican,1956,Liberal,72,22,Stayed,,Jimmy Carter,Democratic,1,Mid-Term Election,Democratic,Democratic,2,3,4
1978,Potter Stewart,Dwight D. Eisenhower,Republican,1958,Moderate,63,20,Stayed,,Jimmy Carter,Democratic,1,Mid-Term Election,Democratic,Democratic,2,3,4
1978,Byron White,John F. Kennedy,Democratic,1962,Moderate,61,16,Stayed,,Jimmy Carter,Democratic,1,Mid-Term Election,Democratic,Democratic,2,3,4
1978,Thurgood Marshall,Lyndon B. Johnson,Democratic,1967,Liberal,70,11,Stayed,,Jimmy Carter,Democratic,1,Mid-Term Election,Democratic,Democratic,2,3,4
1978,Warren E. Burger,Richard Nixon,Republican,1969,Conservative,71,9,Stayed,,Jimmy Carter,Democratic,1,Mid-Term Election,Democratic,Democratic,2,3,4
1978,Harry Blackmun,Richard Nixon,Republican,1970,Liberal,70,8,Stayed,,Jimmy Carter,Democratic,1,Mid-Term Election,Democratic,Democratic,2,3,4
1978,Lewis F. Powell Jr.,Richard Nixon,Republican,1972,Moderate,71,6,Stayed,,Jimmy Carter,Democratic,1,Mid-Term Election,Democratic,Democratic,2,3,4
1978,William Rehnquist,Richard Nixon,Republican,1972,Conservative,54,6,Stayed,,Jimmy Carter,Democratic,1,Mid-Term Election,Democratic,Democratic,2,3,4
1978,John Paul Stevens,Gerald Ford,Republican,1975,Liberal,58,3,Stayed,,Jimmy Carter,Democratic,1,Mid-Term Election,Democratic,Democratic,2,3,4
1979,William J. Brennan Jr.,Dwight D. Eisenhower,Republican,1956,Liberal,73,23,Stayed,,Jimmy Carter,Democratic,1,Non-Election Year,Democratic,Democratic,2,3,4
1979,Potter Stewart,Dwight D. Eisenhower,Republican,1958,Moderate,64,21,Stayed,,Jimmy Carter,Democratic,1,Non-Election Year,Democratic,Democratic,2,3,4
1979,Byron White,John F. Kennedy,Democratic,1962,Moderate,62,17,Stayed,,Jimmy Carter,Democratic,1,Non-Election Year,Democratic,Democratic,2,3,4
1979,Thurgood Marshall,Lyndon B. Johnson,Democratic,1967,Liberal,71,12,Stayed,,Jimmy Carter,Democratic,1,Non-Election Year,Democratic,Democratic,2,3,4
1979,Warren E. Burger,Richard Nixon,Republican,1969,Conservative,72,10,Stayed,,Jimmy Carter,Democratic,1,Non-Election Year,Democratic,Democratic,2,3,4
1979,Harry Blackmun,Richard Nixon,Republican,1970,Liberal,71,9,Stayed,,Jimmy Carter,Democratic,1,Non-Election Year,Democratic,Democratic,2,3,4
1979,Lewis F. Powell Jr.,Richard Nixon,Republican,1972,Moderate,72,7,Stayed,,Jimmy Carter,Democratic,1,Non-Election Year,Democratic,Democratic,2,3,4
1979,William Rehnquist,Richard Nixon,Republican,1972,Conservative,55,7,Stayed,,Jimmy Carter,Democratic,1,Non-Election Year,Democratic,Democratic,2,3,4
1979,John Paul Stevens,Gerald Ford,Republican,1975,Liberal,59,4,Stayed,,Jimmy Carter,Democratic,1,Non-Election Year,Democratic,Democratic,2,3,4
1980,William J. Brennan Jr.,Dwight D. Eisenhower,Republican,1956,Liberal,74,24,Stayed,,Jimmy Carter,Democratic,1,Presidential Election,Democratic,Democratic,2,3,4
1980,Potter Stewart,Dwight D. Eisenhower,Republican,1958,Moderate,65,22,Stayed,,Jimmy Carter,Democratic,1,Presidential Election,Democratic,Democratic,2,3,4
1980,Byron White,John F. Kennedy,Democratic,1962,Moderate,63,18,Stayed,,Jimmy Carter,Democratic,1,Presidential Election,Democratic,Democratic,2,3,4
1980,Thurgood Marshall,Lyndon B. Johnson,Democratic,1967,Liberal,72,13,Stayed,,Jimmy Carter,Democratic,1,Presidential Election,Democratic,Democratic,2,3,4
1980,Warren E. Burger,Richard Nixon,Republican,1969,Conservative,73,11,Stayed,,Jimmy Carter,Democratic,1,Presidential Election,Democratic,Democratic,2,3,4
1980,Harry Blackmun,Richard Nixon,Republican,1970,Liberal,72,10,Stayed,,Jimmy Carter,Democratic,1,Presidential Election,Democratic,Democratic,2,3,4
1980,Lewis F. Powell Jr.,Richard Nixon,Republican,1972,Moderate,73,8,Stayed,,Jimmy Carter,Democratic,1,Presidential Election,Democratic,Democratic,2,3,4
1980,William Rehnquist,Richard Nixon,Republican,1972,Conservative,56,8,Stayed,,Jimmy Carter,Democratic,1,Presidential Election,Democratic,Democratic,2,3,4
1980,John Paul Stevens,Gerald Ford,Republican,1975,Liberal,60,5,Stayed,,Jimmy Carter,Democratic,1,Presidential Election,Democratic,Democratic,2,3,4
1981,William J. Brennan Jr.,Dwight D. Eisenhower,Republican,1956,Liberal,75,25,Stayed,,Ronald Reagan,Republican,1,Non-Election Year,Democratic,Republican,2,4,4
1981,Potter Stewart,Dwight D. Eisenhower,Republican,1958,Moderate,66,23,Left - Voluntary,Retired,Ronald Reagan,Republican,1,Non-Election Year,Democratic,Republican,2,4,4
1981,Byron White,John F. Kennedy,Democratic,1962,Moderate,64,19,Stayed,,Ronald Reagan,Republican,1,Non-Election Year,Democratic,Republican,2,4,4
1981,Thurgood Marshall,Lyndon B. Johnson,Democratic,1967,Liberal,73,14,Stayed,,Ronald Reagan,Republican,1,Non-Election Year,Democratic,Republican,2,4,4
1981,Warren E. Burger,Richard Nixon,Republican,1969,Conservative,74,12,Stayed,,Ronald Reagan,Republican,1,Non-Election Year,Democratic,Republican,2,4,4
1981,Harry Blackmun,Richard Nixon,Republican,1970,Liberal,73,11,Stayed,,Ronald Reagan,Republican,1,Non-Election Year,Democratic,Republican,2,4,4
1981,Lewis F. Powell Jr.,Richard Nixon,Republican,1972,Moderate,74,9,Stayed,,Ronald Reagan,Republican,1,Non-Election Year,Democratic,Republican,2,4,4
1981,William Rehnquist,Richard Nixon,Republican,1972,Conservative,57,9,Stayed,,Ronald Reagan,Republican,1,Non-Election Year,Democratic,Republican,2,4,4
1981,John Paul Stevens,Gerald Ford,Republican,1975,Liberal,61,6,Stayed,,Ronald Reagan,Republican,1,Non-Election Year,Democratic,Republican,2,4,4
1981,Sandra Day O'Connor,Ronald Reagan,Republican,1981,Moderate,51,0,Stayed,,Ronald Reagan,Republican,1,Non-Election Year,Democratic,Republican,2,4,4
1982,William J. Brennan Jr.,Dwight D. Eisenhower,Republican,1956,Liberal,76,26,Stayed,,Ronald Reagan,Republican,1,Mid-Term Election,Democratic,Republican,2,3,4
1982,Byron White,John F. Kennedy,Democratic,1962,Moderate,65,20,Stayed,,Ronald Reagan,Republican,1,Mid-Term Election,Democratic,Republican,2,3,4
1982,Thurgood Marshall,Lyndon B. Johnson,Democratic,1967,Liberal,74,15,Stayed,,Ronald Reagan,Republican,1,Mid-Term Election,Democratic,Republican,2,3,4
1982,Warren E. Burger,Richard Nixon,Republican,1969,Conservative,75,13,Stayed,,Ronald Reagan,Republican,1,Mid-Term Election,Democratic,Republican,2,3,4
1982,Harry Blackmun,Richard Nixon,Republican,1970,Liberal,74,12,Stayed,,Ronald Reagan,Republican,1,Mid-Term Election,Democratic,Republican,2,3,4
1982,Lewis F. Powell Jr.,Richard Nixon,Republican,1972,Moderate,75,10,Stayed,,Ronald Reagan,Republican,1,Mid-Term Election,Democratic,Republican,2,3,4
1982,William Rehnquist,Richard Nixon,Republican,1972,Conservative,58,10,Stayed,,Ronald Reagan,Republican,1,Mid-Term Election,Democratic,Republican,2,3,4
1982,John Paul Stevens,Gerald Ford,Republican,1975,Liberal,62,7,Stayed,,Ronald Reagan,Republican,1,Mid-Term Election,Democratic,Republican,2,3,4
1982,Sandra Day O'Connor,Ronald Reagan,Republican,1981,Moderate,52,1,Stayed,,Ronald Reagan,Republican,1,Mid-Term Election,Democratic,Republican,2,3,4
1983,William J. Brennan Jr.,Dwight D. Eisenhower,Republican,1956,Liberal,77,27,Stayed,,Ronald Reagan,Republican,1,Non-Election Year,Democratic,Republican,2,3,4
1983,Byron White,John F. Kennedy,Democratic,1962,Moderate,66,21,Stayed,,Ronald Reagan,Republican,1,Non-Election Year,Democratic,Republican,2,3,4
1983,Thurgood Marshall,Lyndon B. Johnson,Democratic,1967,Liberal,75,16,Stayed,,Ronald Reagan,Republican,1,Non-Election Year,Democratic,Republican,2,3,4
1983,Warren E. Burger,Richard Nixon,Republican,1969,Conservative,76,14,Stayed,,Ronald Reagan,Republican,1,Non-Election Year,Democratic,Republican,2,3,4
1983,Harry Blackmun,Richard Nixon,Republican,1970,Liberal,75,13,Stayed,,Ronald Reagan,Republican,1,Non-Election Year,Democratic,Republican,2,3,4
1983,Lewis F. Powell Jr.,Richard Nixon,Republican,1972,Moderate,76,11,Stayed,,Ronald Reagan,Republican,1,Non-Election Year,Democratic,Republican,2,3,4
1983,William Rehnquist,Richard Nixon,Republican,1972,Conservative,59,11,Stayed,,Ronald Reagan,Republican,1,Non-Election Year,Democratic,Republican,2,3,4
1983,John Paul Stevens,Gerald Ford,Republican,1975,Liberal,63,8,Stayed,,Ronald Reagan,Republican,1,Non-Election Year,Democratic,Republican,2,3,4
1983,Sandra Day O'Connor,Ronald Reagan,Republican,1981,Moderate,53,2,Stayed,,Ronald Reagan,Republican,1,Non-Election Year,Democratic,Republican,2,3,4
1984,William J. Brennan Jr.,Dwight D. Eisenhower,Republican,1956,Liberal,78,28,Stayed,,Ronald Reagan,Republican,1,Presidential Election,Democratic,Republican,2,3,4
1984,Byron White,John F. Kennedy,Democratic,1962,Moderate,67,22,Stayed,,Ronald Reagan,Republican,1,Presidential Election,Democratic,Republican,2,3,4
1984,Thurgood Marshall,Lyndon B. Johnson,Democratic,1967,Liberal,76,17,Stayed,,Ronald Reagan,Republican,1,Presidential Election,Democratic,Republican,2,3,4
1984,Warren E. Burger,Richard Nixon,Republican,1969,Conservative,77,15,Stayed,,Ronald Reagan,Republican,1,Presidential Election,Democratic,Republican,2,3,4
1984,Harry Blackmun,Richard Nixon,Republican,1970,Liberal,76,14,Stayed,,Ronald Reagan,Republican,1,Presidential Election,Democratic,Republican,2,3,4
1984,Lewis F. Powell Jr.,Richard Nixon,Republican,1972,Moderate,77,12,Stayed,,Ronald Reagan,Republican,1,Presidential Election,Democratic,Republican,2,3,4
1984,William Rehnquist,Richard Nixon,Republican,1972,Conservative,60,12,Stayed,,Ronald Reagan,Republican,1,Presidential Election,Democratic,Republican,2,3,4
1984,John Paul Stevens,Gerald Ford,Republican,1975,Liberal,64,9,Stayed,,Ronald Reagan,Republican,1,Presidential Election,Democratic,Republican,2,3,4
1984,Sandra Day O'Connor,Ronald Reagan,Republican,1981,Moderate,54,3,Stayed,,Ronald Reagan,Republican,1,Presidential Election,Democratic,Republican,2,3,4
1985,William J. Brennan Jr.,Dwight D. Eisenhower,Republican,1956,Liberal,79,29,Stayed,,Ronald Reagan,Republican,2,Non-Election Year,Democratic,Republican,2,3,4
1985,Byron White,John F. Kennedy,Democratic,1962,Moderate,68,23,Stayed,,Ronald Reagan,Republican,2,Non-Election Year,Democratic,Republican,2,3,4
1985,Thurgood Marshall,Lyndon B. Johnson,Democratic,1967,Liberal,77,18,Stayed,,Ronald Reagan,Republican,2,Non-Election Year,Democratic,Republican,2,3,4
1985,Warren E. Burger,Richard Nixon,Republican,1969,Conservative,78,16,Stayed,,Ronald Reagan,Republican,2,Non-Election Year,Democratic,Republican,2,3,4
1985,Harry Blackmun,Richard Nixon,Republican,1970,Liberal,77,15,Stayed,,Ronald Reagan,Republican,2,Non-Election Year,Democratic,Republican,2,3,4
1985,Lewis F. Powell Jr.,Richard Nixon,Republican,1972,Moderate,78,13,Stayed,,Ronald Reagan,Republican,2,Non-Election Year,Democratic,Republican,2,3,4
1985,William Rehnquist,Richard Nixon,Republican,1972,Conservative,61,13,Stayed,,Ronald Reagan,Republican,2,Non-Election Year,Democratic,Republican,2,3,4
1985,John Paul Stevens,Gerald Ford,Republican,1975,Liberal,65,10,Stayed,,Ronald Reagan,Republican,2,Non-Election Year,Democratic,Republican,2,3,4
1985,Sandra Day O'Connor,Ronald Reagan,Republican,1981,Moderate,55,4,Stayed,,Ronald Reagan,Republican,2,Non-Election Year,Democratic,Republican,2,3,4
1986,William J. Brennan Jr.,Dwight D. Eisenhower,Republican,1956,Liberal,80,30,Stayed,,Ronald Reagan,Republican,2,Mid-Term Election,Democratic,Republican,3,3,4
1986,Byron White,John F. Kennedy,Democratic,1962,Moderate,69,24,Stayed,,Ronald Reagan,Republican,2,Mid-Term Election,Democratic,Republican,3,3,4
1986,Thurgood Marshall,Lyndon B. Johnson,Democratic,1967,Liberal,78,19,Stayed,,Ronald Reagan,Republican,2,Mid-Term Election,Democratic,Republican,3,3,4
1986,Warren E. Burger,Richard Nixon,Republican,1969,Conservative,79,17,Left - Voluntary,Retired,Ronald Reagan,Republican,2,Mid-Term Election,Democratic,Republican,3,3,4
1986,Harry Blackmun,Richard Nixon,Republican,1970,Liberal,78,16,Stayed,,Ronald Reagan,Republican,2,Mid-Term Election,Democratic,Republican,3,3,4
1986,Lewis F. Powell Jr.,Richard Nixon,Republican,1972,Moderate,79,14,Stayed,,Ronald Reagan,Republican,2,Mid-Term Election,Democratic,Republican,3,3,4
1986,William Rehnquist,Richard Nixon,Republican,1972,Conservative,62,14,Stayed,,Ronald Reagan,Republican,2,Mid-Term Election,Democratic,Republican,3,3,4
1986,John Paul Stevens,Gerald Ford,Republican,1975,Liberal,66,11,Stayed,,Ronald Reagan,Republican,2,Mid-Term Election,Democratic,Republican,3,3,4
1986,Sandra Day O'Connor,Ronald Reagan,Republican,1981,Moderate,56,5,Stayed,,Ronald Reagan,Republican,2,Mid-Term Election,Democratic,Republican,3,3,4
1986,Antonin Scalia,Ronald Reagan,Republican,1986,Conservative,50,0,Stayed,,Ronald Reagan,Republican,2,Mid-Term Election,Democratic,Republican,3,3,4
1987,William J. Brennan Jr.,Dwight D. Eisenhower,Republican,1956,Liberal,81,31,Stayed,,Ronald Reagan,Republican,2,Non-Election Year,Democratic,Democratic,2,3,4
1987,Byron White,John F. Kennedy,Democratic,1962,Moderate,70,25,Stayed,,Ronald Reagan,Republican,2,Non-Election Year,Democratic,Democratic,2,3,4
1987,Thurgood Marshall,Lyndon B. Johnson,Democratic,1967,Liberal,79,20,Stayed,,Ronald Reagan,Republican,2,Non-Election Year,Democratic,Democratic,2,3,4
1987,Harry Blackmun,Richard Nixon,Republican,1970,Liberal,79,17,Stayed,,Ronald Reagan,Republican,2,Non-Election Year,Democratic,Democratic,2,3,4
1987,Lewis F. Powell Jr.,Richard Nixon,Republican,1972,Moderate,80,15,Left - Voluntary,Retired,Ronald Reagan,Republican,2,Non-Election Year,Democratic,Democratic,2,3,4
1987,William Rehnquist,Richard Nixon,Republican,1972,Conservative,63,15,Stayed,,Ronald Reagan,Republican,2,Non-Election Year,Democratic,Democratic,2,3,4
1987,John Paul Stevens,Gerald Ford,Republican,1975,Liberal,67,12,Stayed,,Ronald Reagan,Republican,2,Non-Election Year,Democratic,Democratic,2,3,4
1987,Sandra Day O'Connor,Ronald Reagan,Republican,1981,Moderate,57,6,Stayed,,Ronald Reagan,Republican,2,Non-Election Year,Democratic,Democratic,2,3,4
1987,Antonin Scalia,Ronald Reagan,Republican,1986,Conservative,51,1,Stayed,,Ronald Reagan,Republican,2,Non-Election Year,Democratic,Democratic,2,3,4
1988,William J. Brennan Jr.,Dwight D. Eisenhower,Republican,1956,Liberal,82,32,Stayed,,Ronald Reagan,Republican,2,Presidential Election,Democratic,Democratic,2,3,4
1988,Byron White,John F. Kennedy,Democratic,1962,Moderate,71,26,Stayed,,Ronald Reagan,Republican,2,Presidential Election,Democratic,Democratic,2,3,4
1988,Thurgood Marshall,Lyndon B. Johnson,Democratic,1967,Liberal,80,21,Stayed,,Ronald Reagan,Republican,2,Presidential Election,Democratic,Democratic,2,3,4
1988,Harry Blackmun,Richard Nixon,Republican,1970,Liberal,80,18,Stayed,,Ronald Reagan,Republican,2,Presidential Election,Democratic,Democratic,2,3,4
1988,William Rehnquist,Richard Nixon,Republican,1972,Conservative,64,16,Stayed,,Ronald Reagan,Republican,2,Presidential Election,Democratic,Democratic,2,3,4
1988,John Paul Stevens,Gerald Ford,Republican,1975,Liberal,68,13,Stayed,,Ronald Reagan,Republican,2,Presidential Election,Democratic,Democratic,2,3,4
1988,Sandra Day O'Connor,Ronald Reagan,Republican,1981,Moderate,58,7,Stayed,,Ronald Reagan,Republican,2,Presidential Election,Democratic,Democratic,2,3,4
1988,Antonin Scalia,Ronald Reagan,Republican,1986,Conservative,52,2,Stayed,,Ronald Reagan,Republican,2,Presidential Election,Democratic,Democratic,2,3,4
1988,Anthony Kennedy,Ronald Reagan,Republican,1988,Moderate,52,0,Stayed,,Ronald Reagan,Republican,2,Presidential Election,Democratic,Democratic,2,3,4
1989,William J. Brennan Jr.,Dwight D. Eisenhower,Republican,1956,Liberal,83,33,Stayed,,George H.W. Bush,Republican,1,Non-Election Year,Democratic,Democratic,2,3,4
1989,Byron White,John F. Kennedy,Democratic,1962,Moderate,72,27,Stayed,,George H.W. Bush,Republican,1,Non-Election Year,Democratic,Democratic,2,3,4
1989,Thurgood Marshall,Lyndon B. Johnson,Democratic,1967,Liberal,81,22,Stayed,,George H.W. Bush,Republican,1,Non-Election Year,Democratic,Democratic,2,3,4
1989,Harry Blackmun,Richard Nixon,Republican,1970,Liberal,81,19,Stayed,,George H.W. Bush,Republican,1,Non-Election Year,Democratic,Democratic,2,3,4
1989,William Rehnquist,Richard Nixon,Republican,1972,Conservative,65,17,Stayed,,George H.W. Bush,Republican,1,Non-Election Year,Democratic,Democratic,2,3,4
1989,John Paul Stevens,Gerald Ford,Republican,1975,Liberal,69,14,Stayed,,George H.W. Bush,Republican,1,Non-Election Year,Democratic,Democratic,2,3,4
1989,Sandra Day O'Connor,Ronald Reagan,Republican,1981,Moderate,59,8,Stayed,,George H.W. Bush,Republican,1,Non-Election Year,Democratic,Democratic,2,3,4
1989,Antonin Scalia,Ronald Reagan,Republican,1986,Conservative,53,3,Stayed,,George H.W. Bush,Republican,1,Non-Election Year,Democratic,Democratic,2,3,4
1989,Anthony Kennedy,Ronald Reagan,Republican,1988,Moderate,53,1,Stayed,,George H.W. Bush,Republican,1,Non-Election Year,Democratic,Democratic,2,3,4
1990,William J. Brennan Jr.,Dwight D. Eisenhower,Republican,1956,Liberal,84,34,Left - Voluntary,Retired,George H.W. Bush,Republican,1,Mid-Term Election,Democratic,Democratic,2,3,5
1990,Byron White,John F. Kennedy,Democratic,1962,Moderate,73,28,Stayed,,George H.W. Bush,Republican,1,Mid-Term Election,Democratic,Democratic,2,3,5
1990,Thurgood Marshall,Lyndon B. Johnson,Democratic,1967,Liberal,82,23,Stayed,,George H.W. Bush,Republican,1,Mid-Term Election,Democratic,Democratic,2,3,5
1990,Harry Blackmun,Richard Nixon,Republican,1970,Liberal,82,20,Stayed,,George H.W. Bush,Republican,1,Mid-Term Election,Democratic,Democratic,2,3,5
1990,William Rehnquist,Richard Nixon,Republican,1972,Conservative,66,18,Stayed,,George H.W. Bush,Republican,1,Mid-Term Election,Democratic,Democratic,2,3,5
1990,John Paul Stevens,Gerald Ford,Republican,1975,Liberal,70,15,Stayed,,George H.W. Bush,Republican,1,Mid-Term Election,Democratic,Democratic,2,3,5
1990,Sandra Day O'Connor,Ronald Reagan,Republican,1981,Moderate,60,9,Stayed,,George H.W. Bush,Republican,1,Mid-Term Election,Democratic,Democratic,2,3,5
1990,Antonin Scalia,Ronald Reagan,Republican,1986,Conservative,54,4,Stayed,,George H.W. Bush,Republican,1,Mid-Term Election,Democratic,Democratic,2,3,5
1990,Anthony Kennedy,Ronald Reagan,Republican,1988,Moderate,54,2,Stayed,,George H.W. Bush,Republican,1,Mid-Term Election,Democratic,Democratic,2,3,5
1990,David Souter,George H.W. Bush,Republican,1990,Liberal,51,0,Stayed,,George H.W. Bush,Republican,1,Mid-Term Election,Democratic,Democratic,2,3,5
1991,Byron White,John F. Kennedy,Democratic,1962,Moderate,74,29,Stayed,,George H.W. Bush,Republican,1,Non-Election Year,Democratic,Democratic,3,3,4
1991,Thurgood Marshall,Lyndon B. Johnson,Democratic,1967,Liberal,83,24,Left - Voluntary,Retired,George H.W. Bush,Republican,1,Non-Election Year,Democratic,Democratic,3,3,4
1991,Harry Blackmun,Richard Nixon,Republican,1970,Liberal,83,21,Stayed,,George H.W. Bush,Republican,1,Non-Election Year,Democratic,Democratic,3,3,4
1991,William Rehnquist,Richard Nixon,Republican,1972,Conservative,67,19,Stayed,,George H.W. Bush,Republican,1,Non-Election Year,Democratic,Democratic,3,3,4
1991,John Paul Stevens,Gerald Ford,Republican,1975,Liberal,71,16,Stayed,,George H.W. Bush,Republican,1,Non-Election Year,Democratic,Democratic,3,3,4
1991,Sandra Day O'Connor,Ronald Reagan,Republican,1981,Moderate,61,10,Stayed,,George H.W. Bush,Republican,1,Non-Election Year,Democratic,Democratic,3,3,4
1991,Antonin Scalia,Ronald Reagan,Republican,1986,Conservative,55,5,Stayed,,George H.W. Bush,Republican,1,Non-Election Year,Democratic,Democratic,3,3,4
1991,Anthony Kennedy,Ronald Reagan,Republican,1988,Moderate,55,3,Stayed,,George H.W. Bush,Republican,1,Non-Election Year,Democratic,Democratic,3,3,4
1991,David Souter,George H.W. Bush,Republican,1990,Liberal,52,1,Stayed,,George H.W. Bush,Republican,1,Non-Election Year,Democratic,Democratic,3,3,4
1991,Clarence Thomas,George H.W. Bush,Republican,1991,Conservative,43,0,Stayed,,George H.W. Bush,Republican,1,Non-Election Year,Democratic,Democratic,3,3,4
1992,Byron White,John F. Kennedy,Democratic,1962,Moderate,75,30,Stayed,,George H.W. Bush,Republican,1,Presidential Election,Democratic,Democratic,3,3,3
1992,Harry Blackmun,Richard Nixon,Republican,1970,Liberal,84,22,Stayed,,George H.W. Bush,Republican,1,Presidential Election,Democratic,Democratic,3,3,3
1992,William Rehnquist,Richard Nixon,Republican,1972,Conservative,68,20,Stayed,,George H.W. Bush,Republican,1,Presidential Election,Democratic,Democratic,3,3,3
1992,John Paul Stevens,Gerald Ford,Republican,1975,Liberal,72,17,Stayed,,George H.W. Bush,Republican,1,Presidential Election,Democratic,Democratic,3,3,3
1992,Sandra Day O'Connor,Ronald Reagan,Republican,1981,Moderate,62,11,Stayed,,George H.W. Bush,Republican,1,Presidential Election,Democratic,Democratic,3,3,3
1992,Antonin Scalia,Ronald Reagan,Republican,1986,Conservative,56,6,Stayed,,George H.W. Bush,Republican,1,Presidential Election,Democratic,Democratic,3,3,3
1992,Anthony Kennedy,Ronald Reagan,Republican,1988,Moderate,56,4,Stayed,,George H.W. Bush,Republican,1,Presidential Election,Democratic,Democratic,3,3,3
1992,David Souter,George H.W. Bush,Republican,1990,Liberal,53,2,Stayed,,George H.W. Bush,Republican,1,Presidential Election,Democratic,Democratic,3,3,3
1992,Clarence Thomas,George H.W. Bush,Republican,1991,Conservative,44,1,Stayed,,George H.W. Bush,Republican,1,Presidential Election,Democratic,Democratic,3,3,3
1993,Byron White,John F. Kennedy,Democratic,1962,Moderate,76,31,Left - Voluntary,Retired,Bill Clinton,Democratic,1,Non-Election Year,Democratic,Democratic,3,3,4
1993,Harry Blackmun,Richard Nixon,Republican,1970,Liberal,85,23,Stayed,,Bill Clinton,Democratic,1,Non-Election Year,Democratic,Democratic,3,3,4
1993,William Rehnquist,Richard Nixon,Republican,1972,Conservative,69,21,Stayed,,Bill Clinton,Democratic,1,Non-Election Year,Democratic,Democratic,3,3,4
1993,John Paul Stevens,Gerald Ford,Republican,1975,Liberal,73,18,Stayed,,Bill Clinton,Democratic,1,Non-Election Year,Democratic,Democratic,3,3,4
1993,Sandra Day O'Connor,Ronald Reagan,Republican,1981,Moderate,63,12,Stayed,,Bill Clinton,Democratic,1,Non-Election Year,Democratic,Democratic,3,3,4
1993,Antonin Scalia,Ronald Reagan,Republican,1986,Conservative,57,7,Stayed,,Bill Clinton,Democratic,1,Non-Election Year,Democratic,Democratic,3,3,4
1993,Anthony Kennedy,Ronald Reagan,Republican,1988,Moderate,57,5,Stayed,,Bill Clinton,Democratic,1,Non-Election Year,Democratic,Democratic,3,3,4
1993,David Souter,George H.W. Bush,Republican,1990,Liberal,54,3,Stayed,,Bill Clinton,Democratic,1,Non-Election Year,Democratic,Democratic,3,3,4
1993,Clarence Thomas,George H.W. Bush,Republican,1991,Conservative,45,2,Stayed,,Bill Clinton,Democratic,1,Non-Election Year,Democratic,Democratic,3,3,4
1993,Ruth Bader Ginsburg,Bill Clinton,Democratic,1993,Liberal,60,0,Stayed,,Bill Clinton,Democratic,1,Non-Election Year,Democratic,Democratic,3,3,4
1994,Harry Blackmun,Richard Nixon,Republican,1970,Liberal,86,24,Left - Voluntary,Retired,Bill Clinton,Democratic,1,Mid-Term Election,Democratic,Democratic,3,2,5
1994,William Rehnquist,Richard Nixon,Republican,1972,Conservative,70,22,Stayed,,Bill Clinton,Democratic,1,Mid-Term Election,Democratic,Democratic,3,2,5
1994,John Paul Stevens,Gerald Ford,Republican,1975,Liberal,74,19,Stayed,,Bill Clinton,Democratic,1,Mid-Term Election,Democratic,Democratic,3,2,5
1994,Sandra Day O'Connor,Ronald Reagan,Republican,1981,Moderate,64,13,Stayed,,Bill Clinton,Democratic,1,Mid-Term Election,Democratic,Democratic,3,2,5
1994,Antonin Scalia,Ronald Reagan,Republican,1986,Conservative,58,8,Stayed,,Bill Clinton,Democratic,1,Mid-Term Election,Democratic,Democratic,3,2,5
1994,Anthony Kennedy,Ronald Reagan,Republican,1988,Moderate,58,6,Stayed,,Bill Clinton,Democratic,1,Mid-Term Election,Democratic,Democratic,3,2,5
1994,David Souter,George H.W. Bush,Republican,1990,Liberal,55,4,Stayed,,Bill Clinton,Democratic,1,Mid-Term Election,Democratic,Democratic,3,2,5
1994,Clarence Thomas,George H.W. Bush,Republican,1991,Conservative,46,3,Stayed,,Bill Clinton,Democratic,1,Mid-Term Election,Democratic,Democratic,3,2,5
1994,Ruth Bader Ginsburg,Bill Clinton,Democratic,1993,Liberal,61,1,Stayed,,Bill Clinton,Democratic,1,Mid-Term Election,Democratic,Democratic,3,2,5
1994,Stephen Breyer,Bill Clinton,Democratic,1994,Liberal,56,0,Stayed,,Bill Clinton,Democratic,1,Mid-Term Election,Democratic,Democratic,3,2,5
1995,William Rehnquist,Richard Nixon,Republican,1972,Conservative,71,23,Stayed,,Bill Clinton,Democratic,1,Non-Election Year,Republican,Republican,3,2,4
1995,John Paul Stevens,Gerald Ford,Republican,1975,Liberal,75,20,Stayed,,Bill Clinton,Democratic,1,Non-Election Year,Republican,Republican,3,2,4
1995,Sandra Day O'Connor,Ronald Reagan,Republican,1981,Moderate,65,14,Stayed,,Bill Clinton,Democratic,1,Non-Election Year,Republican,Republican,3,2,4
1995,Antonin Scalia,Ronald Reagan,Republican,1986,Conservative,59,9,Stayed,,Bill Clinton,Democratic,1,Non-Election Year,Republican,Republican,3,2,4
1995,Anthony Kennedy,Ronald Reagan,Republican,1988,Moderate,59,7,Stayed,,Bill Clinton,Democratic,1,Non-Election Year,Republican,Republican,3,2,4
1995,David Souter,George H.W. Bush,Republican,1990,Liberal,56,5,Stayed,,Bill Clinton,Democratic,1,Non-Election Year,Republican,Republican,3,2,4
1995,Clarence Thomas,George H.W. Bush,Republican,1991,Conservative,47,4,Stayed,,Bill Clinton,Democratic,1,Non-Election Year,Republican,Republican,3,2,4
1995,Ruth Bader Ginsburg,Bill Clinton,Democratic,1993,Liberal,62,2,Stayed,,Bill Clinton,Democratic,1,Non-Election Year,Republican,Republican,3,2,4
1995,Stephen Breyer,Bill Clinton,Democratic,1994,Liberal,57,1,Stayed,,Bill Clinton,Democratic,1,Non-Election Year,Republican,Republican,3,2,4
1996,William Rehnquist,Richard Nixon,Republican,1972,Conservative,72,24,Stayed,,Bill Clinton,Democratic,1,Presidential Election,Republican,Republican,3,2,4
1996,John Paul Stevens,Gerald Ford,Republican,1975,Liberal,76,21,Stayed,,Bill Clinton,Democratic,1,Presidential Election,Republican,Republican,3,2,4
1996,Sandra Day O'Connor,Ronald Reagan,Republican,1981,Moderate,66,15,Stayed,,Bill Clinton,Democratic,1,Presidential Election,Republican,Republican,3,2,4
1996,Antonin Scalia,Ronald Reagan,Republican,1986,Conservative,60,10,Stayed,,Bill Clinton,Democratic,1,Presidential Election,Republican,Republican,3,2,4
1996,Anthony Kennedy,Ronald Reagan,Republican,1988,Moderate,60,8,Stayed,,Bill Clinton,Democratic,1,Presidential Election,Republican,Republican,3,2,4
1996,David Souter,George H.W. Bush,Republican,1990,Liberal,57,6,Stayed,,Bill Clinton,Democratic,1,Presidential Election,Republican,Republican,3,2,4
1996,Clarence Thomas,George H.W. Bush,Republican,1991,Conservative,48,5,Stayed,,Bill Clinton,Democratic,1,Presidential Election,Republican,Republican,3,2,4
1996,Ruth Bader Ginsburg,Bill Clinton,Democratic,1993,Liberal,63,3,Stayed,,Bill Clinton,Democratic,1,Presidential Election,Republican,Republican,3,2,4
1996,Stephen Breyer,Bill Clinton,Democratic,1994,Liberal,58,2,Stayed,,Bill Clinton,Democratic,1,Presidential Election,Republican,Republican,3,2,4
1997,William Rehnquist,Richard Nixon,Republican,1972,Conservative,73,25,Stayed,,Bill Clinton,Democratic,2,Non-Election Year,Republican,Republican,3,2,4
1997,John Paul Stevens,Gerald Ford,Republican,1975,Liberal,77,22,Stayed,,Bill Clinton,Democratic,2,Non-Election Year,Republican,Republican,3,2,4
1997,Sandra Day O'Connor,Ronald Reagan,Republican,1981,Moderate,67,16,Stayed,,Bill Clinton,Democratic,2,Non-Election Year,Republican,Republican,3,2,4
1997,Antonin Scalia,Ronald Reagan,Republican,1986,Conservative,61,11,Stayed,,Bill Clinton,Democratic,2,Non-Election Year,Republican,Republican,3,2,4
1997,Anthony Kennedy,Ronald Reagan,Republican,1988,Moderate,61,9,Stayed,,Bill Clinton,Democratic,2,Non-Election Year,Republican,Republican,3,2,4
1997,David Souter,George H.W. Bush,Republican,1990,Liberal,58,7,Stayed,,Bill Clinton,Democratic,2,Non-Election Year,Republican,Republican,3,2,4
1997,Clarence Thomas,George H.W. Bush,Republican,1991,Conservative,49,6,Stayed,,Bill Clinton,Democratic,2,Non-Election Year,Republican,Republican,3,2,4
1997,Ruth Bader Ginsburg,Bill Clinton,Democratic,1993,Liberal,64,4,Stayed,,Bill Clinton,Democratic,2,Non-Election Year,Republican,Republican,3,2,4
1997,Stephen Breyer,Bill Clinton,Democratic,1994,Liberal,59,3,Stayed,,Bill Clinton,Democratic,2,Non-Election Year,Republican,Republican,3,2,4
1998,William Rehnquist,Richard Nixon,Republican,1972,Conservative,74,26,Stayed,,Bill Clinton,Democratic,2,Mid-Term Election,Republican,Republican,3,2,4
1998,John Paul Stevens,Gerald Ford,Republican,1975,Liberal,78,23,Stayed,,Bill Clinton,Democratic,2,Mid-Term Election,Republican,Republican,3,2,4
1998,Sandra Day O'Connor,Ronald Reagan,Republican,1981,Moderate,68,17,Stayed,,Bill Clinton,Democratic,2,Mid-Term Election,Republican,Republican,3,2,4
1998,Antonin Scalia,Ronald Reagan,Republican,1986,Conservative,62,12,Stayed,,Bill Clinton,Democratic,2,Mid-Term Election,Republican,Republican,3,2,4
1998,Anthony Kennedy,Ronald Reagan,Republican,1988,Moderate,62,10,Stayed,,Bill Clinton,Democratic,2,Mid-Term Election,Republican,Republican,3,2,4
1998,David Souter,George H.W. Bush,Republican,1990,Liberal,59,8,Stayed,,Bill Clinton,Democratic,2,Mid-Term Election,Republican,Republican,3,2,4
1998,Clarence Thomas,George H.W. Bush,Republican,1991,Conservative,50,7,Stayed,,Bill Clinton,Democratic,2,Mid-Term Election,Republican,Republican,3,2,4
1998,Ruth Bader Ginsburg,Bill Clinton,Democratic,1993,Liberal,65,5,Stayed,,Bill Clinton,Democratic,2,Mid-Term Election,Republican,Republican,3,2,4
1998,Stephen Breyer,Bill Clinton,Democratic,1994,Liberal,60,4,Stayed,,Bill Clinton,Democratic,2,Mid-Term Election,Republican,Republican,3,2,4
1999,William Rehnquist,Richard Nixon,Republican,1972,Conservative,75,27,Stayed,,Bill Clinton,Democratic,2,Non-Election Year,Republican,Republican,3,2,4
1999,John Paul Stevens,Gerald Ford,Republican,1975,Liberal,79,24,Stayed,,Bill Clinton,Democratic,2,Non-Election Year,Republican,Republican,3,2,4
1999,Sandra Day O'Connor,Ronald Reagan,Republican,1981,Moderate,69,18,Stayed,,Bill Clinton,Democratic,2,Non-Election Year,Republican,Republican,3,2,4
1999,Antonin Scalia,Ronald Reagan,Republican,1986,Conservative,63,13,Stayed,,Bill Clinton,Democratic,2,Non-Election Year,Republican,Republican,3,2,4
1999,Anthony Kennedy,Ronald Reagan,Republican,1988,Moderate,63,11,Stayed,,Bill Clinton,Democratic,2,Non-Election Year,Republican,Republican,3,2,4
1999,David Souter,George H.W. Bush,Republican,1990,Liberal,60,9,Stayed,,Bill Clinton,Democratic,2,Non-Election Year,Republican,Republican,3,2,4
1999,Clarence Thomas,George H.W. Bush,Republican,1991,Conservative,51,8,Stayed,,Bill Clinton,Democratic,2,Non-Election Year,Republican,Republican,3,2,4
1999,Ruth Bader Ginsburg,Bill Clinton,Democratic,1993,Liberal,66,6,Stayed,,Bill Clinton,Democratic,2,Non-Election Year,Republican,Republican,3,2,4
1999,Stephen Breyer,Bill Clinton,Democratic,1994,Liberal,61,5,Stayed,,Bill Clinton,Democratic,2,Non-Election Year,Republican,Republican,3,2,4
2000,William Rehnquist,Richard Nixon,Republican,1972,Conservative,76,28,Stayed,,Bill Clinton,Democratic,2,Presidential Election,Republican,Republican,3,2,4
2000,John Paul Stevens,Gerald Ford,Republican,1975,Liberal,80,25,Stayed,,Bill Clinton,Democratic,2,Presidential Election,Republican,Republican,3,2,4
2000,Sandra Day O'Connor,Ronald Reagan,Republican,1981,Moderate,70,19,Stayed,,Bill Clinton,Democratic,2,Presidential Election,Republican,Republican,3,2,4
2000,Antonin Scalia,Ronald Reagan,Republican,1986,Conservative,64,14,Stayed,,Bill Clinton,Democratic,2,Presidential Election,Republican,Republican,3,2,4
2000,Anthony Kennedy,Ronald Reagan,Republican,1988,Moderate,64,12,Stayed,,Bill Clinton,Democratic,2,Presidential Election,Republican,Republican,3,2,4
2000,David Souter,George H.W. Bush,Republican,1990,Liberal,61,10,Stayed,,Bill Clinton,Democratic,2,Presidential Election,Republican,Republican,3,2,4
2000,Clarence Thomas,George H.W. Bush,Republican,1991,Conservative,52,9,Stayed,,Bill Clinton,Democratic,2,Presidential Election,Republican,Republican,3,2,4
2000,Ruth Bader Ginsburg,Bill Clinton,Democratic,1993,Liberal,67,7,Stayed,,Bill Clinton,Democratic,2,Presidential Election,Republican,Republican,3,2,4
2000,Stephen Breyer,Bill Clinton,Democratic,1994,Liberal,62,6,Stayed,,Bill Clinton,Democratic,2,Presidential Election,Republican,Republican,3,2,4
2001,William Rehnquist,Richard Nixon,Republican,1972,Conservative,77,29,Stayed,,George W. Bush,Republican,1,Non-Election Year,Republican,Democratic,3,2,4
2001,John Paul Stevens,Gerald Ford,Republican,1975,Liberal,81,26,Stayed,,George W. Bush,Republican,1,Non-Election Year,Republican,Democratic,3,2,4
2001,Sandra Day O'Connor,Ronald Reagan,Republican,1981,Moderate,71,20,Stayed,,George W. Bush,Republican,1,Non-Election Year,Republican,Democratic,3,2,4
2001,Antonin Scalia,Ronald Reagan,Republican,1986,Conservative,65,15,Stayed,,George W. Bush,Republican,1,Non-Election Year,Republican,Democratic,3,2,4
2001,Anthony Kennedy,Ronald Reagan,Republican,1988,Moderate,65,13,Stayed,,George W. Bush,Republican,1,Non-Election Year,Republican,Democratic,3,2,4
2001,David Souter,George H.W. Bush,Republican,1990,Liberal,62,11,Stayed,,George W. Bush,Republican,1,Non-Election Year,Republican,Democratic,3,2,4
2001,Clarence Thomas,George H.W. Bush,Republican,1991,Conservative,53,10,Stayed,,George W. Bush,Republican,1,Non-Election Year,Republican,Democratic,3,2,4
2001,Ruth Bader Ginsburg,Bill Clinton,Democratic,1993,Liberal,68,8,Stayed,,George W. Bush,Republican,1,Non-Election Year,Republican,Democratic,3,2,4
2001,Stephen Breyer,Bill Clinton,Democratic,1994,Liberal,63,7,Stayed,,George W. Bush,Republican,1,Non-Election Year,Republican,Democratic,3,2,4
2002,William Rehnquist,Richard Nixon,Republican,1972,Conservative,78,30,Stayed,,George W. Bush,Republican,1,Mid-Term Election,Republican,Republican,3,2,4
2002,John Paul Stevens,Gerald Ford,Republican,1975,Liberal,82,27,Stayed,,George W. Bush,Republican,1,Mid-Term Election,Republican,Republican,3,2,4
2002,Sandra Day O'Connor,Ronald Reagan,Republican,1981,Moderate,72,21,Stayed,,George W. Bush,Republican,1,Mid-Term Election,Republican,Republican,3,2,4
2002,Antonin Scalia,Ronald Reagan,Republican,1986,Conservative,66,16,Stayed,,George W. Bush,Republican,1,Mid-Term Election,Republican,Republican,3,2,4
2002,Anthony Kennedy,Ronald Reagan,Republican,1988,Moderate,66,14,Stayed,,George W. Bush,Republican,1,Mid-Term Election,Republican,Republican,3,2,4
2002,David Souter,George H.W. Bush,Republican,1990,Liberal,63,12,Stayed,,George W. Bush,Republican,1,Mid-Term Election,Republican,Republican,3,2,4
2002,Clarence Thomas,George H.W. Bush,Republican,1991,Conservative,54,11,Stayed,,George W. Bush,Republican,1,Mid-Term Election,Republican,Republican,3,2,4
2002,Ruth Bader Ginsburg,Bill Clinton,Democratic,1993,Liberal,69,9,Stayed,,George W. Bush,Republican,1,Mid-Term Election,Republican,Republican,3,2,4
2002,Stephen Breyer,Bill Clinton,Democratic,1994,Liberal,64,8,Stayed,,George W. Bush,Republican,1,Mid-Term Election,Republican,Republican,3,2,4
2003,William Rehnquist,Richard Nixon,Republican,1972,Conservative,79,31,Stayed,,George W. Bush,Republican,1,Non-Election Year,Republican,Republican,3,2,4
2003,John Paul Stevens,Gerald Ford,Republican,1975,Liberal,83,28,Stayed,,George W. Bush,Republican,1,Non-Election Year,Republican,Republican,3,2,4
2003,Sandra Day O'Connor,Ronald Reagan,Republican,1981,Moderate,73,22,Stayed,,George W. Bush,Republican,1,Non-Election Year,Republican,Republican,3,2,4
2003,Antonin Scalia,Ronald Reagan,Republican,1986,Conservative,67,17,Stayed,,George W. Bush,Republican,1,Non-Election Year,Republican,Republican,3,2,4
2003,Anthony Kennedy,Ronald Reagan,Republican,1988,Moderate,67,15,Stayed,,George W. Bush,Republican,1,Non-Election Year,Republican,Republican,3,2,4
2003,David Souter,George H.W. Bush,Republican,1990,Liberal,64,13,Stayed,,George W. Bush,Republican,1,Non-Election Year,Republican,Republican,3,2,4
2003,Clarence Thomas,George H.W. Bush,Republican,1991,Conservative,55,12,Stayed,,George W. Bush,Republican,1,Non-Election Year,Republican,Republican,3,2,4
2003,Ruth Bader Ginsburg,Bill Clinton,Democratic,1993,Liberal,70,10,Stayed,,George W. Bush,Republican,1,Non-Election Year,Republican,Republican,3,2,4
2003,Stephen Breyer,Bill Clinton,Democratic,1994,Liberal,65,9,Stayed,,George W. Bush,Republican,1,Non-Election Year,Republican,Republican,3,2,4
2004,William Rehnquist,Richard Nixon,Republican,1972,Conservative,80,32,Stayed,,George W. Bush,Republican,1,Presidential Election,Republican,Republican,3,2,4
2004,John Paul Stevens,Gerald Ford,Republican,1975,Liberal,84,29,Stayed,,George W. Bush,Republican,1,Presidential Election,Republican,Republican,3,2,4
2004,Sandra Day O'Connor,Ronald Reagan,Republican,1981,Moderate,74,23,Stayed,,George W. Bush,Republican,1,Presidential Election,Republican,Republican,3,2,4
2004,Antonin Scalia,Ronald Reagan,Republican,1986,Conservative,68,18,Stayed,,George W. Bush,Republican,1,Presidential Election,Republican,Republican,3,2,4
2004,Anthony Kennedy,Ronald Reagan,Republican,1988,Moderate,68,16,Stayed,,George W. Bush,Republican,1,Presidential Election,Republican,Republican,3,2,4
2004,David Souter,George H.W. Bush,Republican,1990,Liberal,65,14,Stayed,,George W. Bush,Republican,1,Presidential Election,Republican,Republican,3,2,4
2004,Clarence Thomas,George H.W. Bush,Republican,1991,Conservative,56,13,Stayed,,George W. Bush,Republican,1,Presidential Election,Republican,Republican,3,2,4
2004,Ruth Bader Ginsburg,Bill Clinton,Democratic,1993,Liberal,71,11,Stayed,,George W. Bush,Republican,1,Presidential Election,Republican,Republican,3,2,4
2004,Stephen Breyer,Bill Clinton,Democratic,1994,Liberal,66,10,Stayed,,George W. Bush,Republican,1,Presidential Election,Republican,Republican,3,2,4
2005,William Rehnquist,Richard Nixon,Republican,1972,Conservative,81,33,Left - Involuntary,Died in office,George W. Bush,Republican,2,Non-Election Year,Republican,Republican,4,2,4
2005,John Paul Stevens,Gerald Ford,Republican,1975,Liberal,85,30,Stayed,,George W. Bush,Republican,2,Non-Election Year,Republican,Republican,4,2,4
2005,Sandra Day O'Connor,Ronald Reagan,Republican,1981,Moderate,75,24,Stayed,,George W. Bush,Republican,2,Non-Election Year,Republican,Republican,4,2,4
2005,Antonin Scalia,Ronald Reagan,Republican,1986,Conservative,69,19,Stayed,,George W. Bush,Republican,2,Non-Election Year,Republican,Republican,4,2,4
2005,Anthony Kennedy,Ronald Reagan,Republican,1988,Moderate,69,17,Stayed,,George W. Bush,Republican,2,Non-Election Year,Republican,Republican,4,2,4
2005,David Souter,George H.W. Bush,Republican,1990,Liberal,66,15,Stayed,,George W. Bush,Republican,2,Non-Election Year,Republican,Republican,4,2,4
2005,Clarence Thomas,George H.W. Bush,Republican,1991,Conservative,57,14,Stayed,,George W. Bush,Republican,2,Non-Election Year,Republican,Republican,4,2,4
2005,Ruth Bader Ginsburg,Bill Clinton,Democratic,1993,Liberal,72,12,Stayed,,George W. Bush,Republican,2,Non-Election Year,Republican,Republican,4,2,4
2005,Stephen Breyer,Bill Clinton,Democratic,1994,Liberal,67,11,Stayed,,George W. Bush,Republican,2,Non-Election Year,Republican,Republican,4,2,4
2005,John Roberts,George W. Bush,Republican,2005,Conservative,50,0,Stayed,,George W. Bush,Republican,2,Non-Election Year,Republican,Republican,4,2,4
2006,John Paul Stevens,Gerald Ford,Republican,1975,Liberal,86,31,Stayed,,George W. Bush,Republican,2,Mid-Term Election,Republican,Republican,4,2,4
2006,Sandra Day O'Connor,Ronald Reagan,Republican,1981,Moderate,76,25,Left - Voluntary,Retired,George W. Bush,Republican,2,Mid-Term Election,Republican,Republican,4,2,4
2006,Antonin Scalia,Ronald Reagan,Republican,1986,Conservative,70,20,Stayed,,George W. Bush,Republican,2,Mid-Term Election,Republican,Republican,4,2,4
2006,Anthony Kennedy,Ronald Reagan,Republican,1988,Moderate,70,18,Stayed,,George W. Bush,Republican,2,Mid-Term Election,Republican,Republican,4,2,4
2006,David Souter,George H.W. Bush,Republican,1990,Liberal,67,16,Stayed,,George W. Bush,Republican,2,Mid-Term Election,Republican,Republican,4,2,4
2006,Clarence Thomas,George H.W. Bush,Republican,1991,Conservative,58,15,Stayed,,George W. Bush,Republican,2,Mid-Term Election,Republican,Republican,4,2,4
2006,Ruth Bader Ginsburg,Bill Clinton,Democratic,1993,Liberal,73,13,Stayed,,George W. Bush,Republican,2,Mid-Term Election,Republican,Republican,4,2,4
2006,Stephen Breyer,Bill Clinton,Democratic,1994,Liberal,68,12,Stayed,,George W. Bush,Republican,2,Mid-Term Election,Republican,Republican,4,2,4
2006,John Roberts,George W. Bush,Republican,2005,Conservative,51,1,Stayed,,George W. Bush,Republican,2,Mid-Term Election,Republican,Republican,4,2,4
2006,Samuel Alito,George W. Bush,Republican,2006,Conservative,56,0,Stayed,,George W. Bush,Republican,2,Mid-Term Election,Republican,Republican,4,2,4
2007,John Paul Stevens,Gerald Ford,Republican,1975,Liberal,87,32,Stayed,,George W. Bush,Republican,2,Non-Election Year,Democratic,Democratic,4,1,4
2007,Antonin Scalia,Ronald Reagan,Republican,1986,Conservative,71,21,Stayed,,George W. Bush,Republican,2,Non-Election Year,Democratic,Democratic,4,1,4
2007,Anthony Kennedy,Ronald Reagan,Republican,1988,Moderate,71,19,Stayed,,George W. Bush,Republican,2,Non-Election Year,Democratic,Democratic,4,1,4
2007,David Souter,George H.W. Bush,Republican,1990,Liberal,68,17,Stayed,,George W. Bush,Republican,2,Non-Election Year,Democratic,Democratic,4,1,4
2007,Clarence Thomas,George H.W. Bush,Republican,1991,Conservative,59,16,Stayed,,George W. Bush,Republican,2,Non-Election Year,Democratic,Democratic,4,1,4
2007,Ruth Bader Ginsburg,Bill Clinton,Democratic,1993,Liberal,74,14,Stayed,,George W. Bush,Republican,2,Non-Election Year,Democratic,Democratic,4,1,4
2007,Stephen Breyer,Bill Clinton,Democratic,1994,Liberal,69,13,Stayed,,George W. Bush,Republican,2,Non-Election Year,Democratic,Democratic,4,1,4
2007,John Roberts,George W. Bush,Republican,2005,Conservative,52,2,Stayed,,George W. Bush,Republican,2,Non-Election Year,Democratic,Democratic,4,1,4
2007,Samuel Alito,George W. Bush,Republican,2006,Conservative,57,1,Stayed,,George W. Bush,Republican,2,Non-Election Year,Democratic,Democratic,4,1,4
2008,John Paul Stevens,Gerald Ford,Republican,1975,Liberal,88,33,Stayed,,George W. Bush,Republican,2,Presidential Election,Democratic,Democratic,4,1,4
2008,Antonin Scalia,Ronald Reagan,Republican,1986,Conservative,72,22,Stayed,,George W. Bush,Republican,2,Presidential Election,Democratic,Democratic,4,1,4
2008,Anthony Kennedy,Ronald Reagan,Republican,1988,Moderate,72,20,Stayed,,George W. Bush,Republican,2,Presidential Election,Democratic,Democratic,4,1,4
2008,David Souter,George H.W. Bush,Republican,1990,Liberal,69,18,Stayed,,George W. Bush,Republican,2,Presidential Election,Democratic,Democratic,4,1,4
2008,Clarence Thomas,George H.W. Bush,Republican,1991,Conservative,60,17,Stayed,,George W. Bush,Republican,2,Presidential Election,Democratic,Democratic,4,1,4
2008,Ruth Bader Ginsburg,Bill Clinton,Democratic,1993,Liberal,75,15,Stayed,,George W. Bush,Republican,2,Presidential Election,Democratic,Democratic,4,1,4
2008,Stephen Breyer,Bill Clinton,Democratic,1994,Liberal,70,14,Stayed,,George W. Bush,Republican,2,Presidential Election,Democratic,Democratic,4,1,4
2008,John Roberts,George W. Bush,Republican,2005,Conservative,53,3,Stayed,,George W. Bush,Republican,2,Presidential Election,Democratic,Democratic,4,1,4
2008,Samuel Alito,George W. Bush,Republican,2006,Conservative,58,2,Stayed,,George W. Bush,Republican,2,Presidential Election,Democratic,Democratic,4,1,4
2009,John Paul Stevens,Gerald Ford,Republican,1975,Liberal,89,34,Stayed,,Barack Obama,Democratic,1,Non-Election Year,Democratic,Democratic,4,1,5
2009,Antonin Scalia,Ronald Reagan,Republican,1986,Conservative,73,23,Stayed,,Barack Obama,Democratic,1,Non-Election Year,Democratic,Democratic,4,1,5
2009,Anthony Kennedy,Ronald Reagan,Republican,1988,Moderate,73,21,Stayed,,Barack Obama,Democratic,1,Non-Election Year,Democratic,Democratic,4,1,5
2009,David Souter,George H.W. Bush,Republican,1990,Liberal,70,19,Left - Voluntary,Retired,Barack Obama,Democratic,1,Non-Election Year,Democratic,Democratic,4,1,5
2009,Clarence Thomas,George H.W. Bush,Republican,1991,Conservative,61,18,Stayed,,Barack Obama,Democratic,1,Non-Election Year,Democratic,Democratic,4,1,5
2009,Ruth Bader Ginsburg,Bill Clinton,Democratic,1993,Liberal,76,16,Stayed,,Barack Obama,Democratic,1,Non-Election Year,Democratic,Democratic,4,1,5
2009,Stephen Breyer,Bill Clinton,Democratic,1994,Liberal,71,15,Stayed,,Barack Obama,Democratic,1,Non-Election Year,Democratic,Democratic,4,1,5
2009,John Roberts,George W. Bush,Republican,2005,Conservative,54,4,Stayed,,Barack Obama,Democratic,1,Non-Election Year,Democratic,Democratic,4,1,5
2009,Samuel Alito,George W. Bush,Republican,2006,Conservative,59,3,Stayed,,Barack Obama,Democratic,1,Non-Election Year,Democratic,Democratic,4,1,5
2009,Sonia Sotomayor,Barack Obama,Democratic,2009,Liberal,55,0,Stayed,,Barack Obama,Democratic,1,Non-Election Year,Democratic,Democratic,4,1,5
2010,John Paul Stevens,Gerald Ford,Republican,1975,Liberal,90,35,Left - Voluntary,Retired,Barack Obama,Democratic,1,Mid-Term Election,Democratic,Democratic,4,1,5
2010,Antonin Scalia,Ronald Reagan,Republican,1986,Conservative,74,24,Stayed,,Barack Obama,Democratic,1,Mid-Term Election,Democratic,Democratic,4,1,5
2010,Anthony Kennedy,Ronald Reagan,Republican,1988,Moderate,74,22,Stayed,,Barack Obama,Democratic,1,Mid-Term Election,Democratic,Democratic,4,1,5
2010,Clarence Thomas,George H.W. Bush,Republican,1991,Conservative,62,19,Stayed,,Barack Obama,Democratic,1,Mid-Term Election,Democratic,Democratic,4,1,5
2010,Ruth Bader Ginsburg,Bill Clinton,Democratic,1993,Liberal,77,17,Stayed,,Barack Obama,Democratic,1,Mid-Term Election,Democratic,Democratic,4,1,5
2010,Stephen Breyer,Bill Clinton,Democratic,1994,Liberal,72,16,Stayed,,Barack Obama,Democratic,1,Mid-Term Election,Democratic,Democratic,4,1,5
2010,John Roberts,George W. Bush,Republican,2005,Conservative,55,5,Stayed,,Barack Obama,Democratic,1,Mid-Term Election,Democratic,Democratic,4,1,5
2010,Samuel Alito,George W. Bush,Republican,2006,Conservative,60,4,Stayed,,Barack Obama,Democratic,1,Mid-Term Election,Democratic,Democratic,4,1,5
2010,Sonia Sotomayor,Barack Obama,Democratic,2009,Liberal,56,1,Stayed,,Barack Obama,Democratic,1,Mid-Term Election,Democratic,Democratic,4,1,5
2010,Elena Kagan,Barack Obama,Democratic,2010,Liberal,50,0,Stayed,,Barack Obama,Democratic,1,Mid-Term Election,Democratic,Democratic,4,1,5
2011,Antonin Scalia,Ronald Reagan,Republican,1986,Conservative,75,25,Stayed,,Barack Obama,Democratic,1,Non-Election Year,Republican,Democratic,4,1,4
2011,Anthony Kennedy,Ronald Reagan,Republican,1988,Moderate,75,23,Stayed,,Barack Obama,Democratic,1,Non-Election Year,Republican,Democratic,4,1,4
2011,Clarence Thomas,George H.W. Bush,Republican,1991,Conservative,63,20,Stayed,,Barack Obama,Democratic,1,Non-Election Year,Republican,Democratic,4,1,4
2011,Ruth Bader Ginsburg,Bill Clinton,Democratic,1993,Liberal,78,18,Stayed,,Barack Obama,Democratic,1,Non-Election Year,Republican,Democratic,4,1,4
2011,Stephen Breyer,Bill Clinton,Democratic,1994,Liberal,73,17,Stayed,,Barack Obama,Democratic,1,Non-Election Year,Republican,Democratic,4,1,4
2011,John Roberts,George W. Bush,Republican,2005,Conservative,56,6,Stayed,,Barack Obama,Democratic,1,Non-Election Year,Republican,Democratic,4,1,4
2011,Samuel Alito,George W. Bush,Republican,2006,Conservative,61,5,Stayed,,Barack Obama,Democratic,1,Non-Election Year,Republican,Democratic,4,1,4
2011,Sonia Sotomayor,Barack Obama,Democratic,2009,Liberal,57,2,Stayed,,Barack Obama,Democratic,1,Non-Election Year,Republican,Democratic,4,1,4
2011,Elena Kagan,Barack Obama,Democratic,2010,Liberal,51,1,Stayed,,Barack Obama,Democratic,1,Non-Election Year,Republican,Democratic,4,1,4
2012,Antonin Scalia,Ronald Reagan,Republican,1986,Conservative,76,26,Stayed,,Barack Obama,Democratic,1,Presidential Election,Republican,Democratic,4,1,4
2012,Anthony Kennedy,Ronald Reagan,Republican,1988,Moderate,76,24,Stayed,,Barack Obama,Democratic,1,Presidential Election,Republican,Democratic,4,1,4
2012,Clarence Thomas,George H.W. Bush,Republican,1991,Conservative,64,21,Stayed,,Barack Obama,Democratic,1,Presidential Election,Republican,Democratic,4,1,4
2012,Ruth Bader Ginsburg,Bill Clinton,Democratic,1993,Liberal,79,19,Stayed,,Barack Obama,Democratic,1,Presidential Election,Republican,Democratic,4,1,4
2012,Stephen Breyer,Bill Clinton,Democratic,1994,Liberal,74,18,Stayed,,Barack Obama,Democratic,1,Presidential Election,Republican,Democratic,4,1,4
2012,John Roberts,George W. Bush,Republican,2005,Conservative,57,7,Stayed,,Barack Obama,Democratic,1,Presidential Election,Republican,Democratic,4,1,4
2012,Samuel Alito,George W. Bush,Republican,2006,Conservative,62,6,Stayed,,Barack Obama,Democratic,1,Presidential Election,Republican,Democratic,4,1,4
2012,Sonia Sotomayor,Barack Obama,Democratic,2009,Liberal,58,3,Stayed,,Barack Obama,Democratic,1,Presidential Election,Republican,Democratic,4,1,4
2012,Elena Kagan,Barack Obama,Democratic,2010,Liberal,52,2,Stayed,,Barack Obama,Democratic,1,Presidential Election,Republican,Democratic,4,1,4
2013,Antonin Scalia,Ronald Reagan,Republican,1986,Conservative,77,27,Stayed,,Barack Obama,Democratic,2,Non-Election Year,Republican,Democratic,4,1,4
2013,Anthony Kennedy,Ronald Reagan,Republican,1988,Moderate,77,25,Stayed,,Barack Obama,Democratic,2,Non-Election Year,Republican,Democratic,4,1,4
2013,Clarence Thomas,George H.W. Bush,Republican,1991,Conservative,65,22,Stayed,,Barack Obama,Democratic,2,Non-Election Year,Republican,Democratic,4,1,4
2013,Ruth Bader Ginsburg,Bill Clinton,Democratic,1993,Liberal,80,20,Stayed,,Barack Obama,Democratic,2,Non-Election Year,Republican,Democratic,4,1,4
2013,Stephen Breyer,Bill Clinton,Democratic,1994,Liberal,75,19,Stayed,,Barack Obama,Democratic,2,Non-Election Year,Republican,Democratic,4,1,4
2013,John Roberts,George W. Bush,Republican,2005,Conservative,58,8,Stayed,,Barack Obama,Democratic,2,Non-Election Year,Republican,Democratic,4,1,4
2013,Samuel Alito,George W. Bush,Republican,2006,Conservative,63,7,Stayed,,Barack Obama,Democratic,2,Non-Election Year,Republican,Democratic,4,1,4
2013,Sonia Sotomayor,Barack Obama,Democratic,2009,Liberal,59,4,Stayed,,Barack Obama,Democratic,2,Non-Election Year,Republican,Democratic,4,1,4
2013,Elena Kagan,Barack Obama,Democratic,2010,Liberal,53,3,Stayed,,Barack Obama,Democratic,2,Non-Election Year,Republican,Democratic,4,1,4
2014,Antonin Scalia,Ronald Reagan,Republican,1986,Conservative,78,28,Stayed,,Barack Obama,Democratic,2,Mid-Term Election,Republican,Democratic,4,1,4
2014,Anthony Kennedy,Ronald Reagan,Republican,1988,Moderate,78,26,Stayed,,Barack Obama,Democratic,2,Mid-Term Election,Republican,Democratic,4,1,4
2014,Clarence Thomas,George H.W. Bush,Republican,1991,Conservative,66,23,Stayed,,Barack Obama,Democratic,2,Mid-Term Election,Republican,Democratic,4,1,4
2014,Ruth Bader Ginsburg,Bill Clinton,Democratic,1993,Liberal,81,21,Stayed,,Barack Obama,Democratic,2,Mid-Term Election,Republican,Democratic,4,1,4
2014,Stephen Breyer,Bill Clinton,Democratic,1994,Liberal,76,20,Stayed,,Barack Obama,Democratic,2,Mid-Term Election,Republican,Democratic,4,1,4
2014,John Roberts,George W. Bush,Republican,2005,Conservative,59,9,Stayed,,Barack Obama,Democratic,2,Mid-Term Election,Republican,Democratic,4,1,4
2014,Samuel Alito,George W. Bush,Republican,2006,Conservative,64,8,Stayed,,Barack Obama,Democratic,2,Mid-Term Election,Republican,Democratic,4,1,4
2014,Sonia Sotomayor,Barack Obama,Democratic,2009,Liberal,60,5,Stayed,,Barack Obama,Democratic,2,Mid-Term Election,Republican,Democratic,4,1,4
2014,Elena Kagan,Barack Obama,Democratic,2010,Liberal,54,4,Stayed,,Barack Obama,Democratic,2,Mid-Term Election,Republican,Democratic,4,1,4
2015,Antonin Scalia,Ronald Reagan,Republican,1986,Conservative,79,29,Stayed,,Barack Obama,Democratic,2,Non-Election Year,Republican,Republican,4,1,4
2015,Anthony Kennedy,Ronald Reagan,Republican,1988,Moderate,79,27,Stayed,,Barack Obama,Democratic,2,Non-Election Year,Republican,Republican,4,1,4
2015,Clarence Thomas,George H.W. Bush,Republican,1991,Conservative,67,24,Stayed,,Barack Obama,Democratic,2,Non-Election Year,Republican,Republican,4,1,4
2015,Ruth Bader Ginsburg,Bill Clinton,Democratic,1993,Liberal,82,22,Stayed,,Barack Obama,Democratic,2,Non-Election Year,Republican,Republican,4,1,4
2015,Stephen Breyer,Bill Clinton,Democratic,1994,Liberal,77,21,Stayed,,Barack Obama,Democratic,2,Non-Election Year,Republican,Republican,4,1,4
2015,John Roberts,George W. Bush,Republican,2005,Conservative,60,10,Stayed,,Barack Obama,Democratic,2,Non-Election Year,Republican,Republican,4,1,4
2015,Samuel Alito,George W. Bush,Republican,2006,Conservative,65,9,Stayed,,Barack Obama,Democratic,2,Non-Election Year,Republican,Republican,4,1,4
2015,Sonia Sotomayor,Barack Obama,Democratic,2009,Liberal,61,6,Stayed,,Barack Obama,Democratic,2,Non-Election Year,Republican,Republican,4,1,4
2015,Elena Kagan,Barack Obama,Democratic,2010,Liberal,55,5,Stayed,,Barack Obama,Democratic,2,Non-Election Year,Republican,Republican,4,1,4
2016,Antonin Scalia,Ronald Reagan,Republican,1986,Conservative,80,30,Left - Involuntary,Died in office,Barack Obama,Democratic,2,Presidential Election,Republican,Republican,4,1,4
2016,Anthony Kennedy,Ronald Reagan,Republican,1988,Moderate,80,28,Stayed,,Barack Obama,Democratic,2,Presidential Election,Republican,Republican,4,1,4
2016,Clarence Thomas,George H.W. Bush,Republican,1991,Conservative,68,25,Stayed,,Barack Obama,Democratic,2,Presidential Election,Republican,Republican,4,1,4
2016,Ruth Bader Ginsburg,Bill Clinton,Democratic,1993,Liberal,83,23,Stayed,,Barack Obama,Democratic,2,Presidential Election,Republican,Republican,4,1,4
2016,Stephen Breyer,Bill Clinton,Democratic,1994,Liberal,78,22,Stayed,,Barack Obama,Democratic,2,Presidential Election,Republican,Republican,4,1,4
2016,John Roberts,George W. Bush,Republican,2005,Conservative,61,11,Stayed,,Barack Obama,Democratic,2,Presidential Election,Republican,Republican,4,1,4
2016,Samuel Alito,George W. Bush,Republican,2006,Conservative,66,10,Stayed,,Barack Obama,Democratic,2,Presidential Election,Republican,Republican,4,1,4
2016,Sonia Sotomayor,Barack Obama,Democratic,2009,Liberal,62,7,Stayed,,Barack Obama,Democratic,2,Presidential Election,Republican,Republican,4,1,4
2016,Elena Kagan,Barack Obama,Democratic,2010,Liberal,56,6,Stayed,,Barack Obama,Democratic,2,Presidential Election,Republican,Republican,4,1,4
2017,Anthony Kennedy,Ronald Reagan,Republican,1988,Moderate,81,29,Stayed,,Donald Trump,Republican,1,Non-Election Year,Republican,Republican,4,1,4
2017,Clarence Thomas,George H.W. Bush,Republican,1991,Conservative,69,26,Stayed,,Donald Trump,Republican,1,Non-Election Year,Republican,Republican,4,1,4
2017,Ruth Bader Ginsburg,Bill Clinton,Democratic,1993,Liberal,84,24,Stayed,,Donald Trump,Republican,1,Non-Election Year,Republican,Republican,4,1,4
2017,Stephen Breyer,Bill Clinton,Democratic,1994,Liberal,79,23,Stayed,,Donald Trump,Republican,1,Non-Election Year,Republican,Republican,4,1,4
2017,John Roberts,George W. Bush,Republican,2005,Conservative,62,12,Stayed,,Donald Trump,Republican,1,Non-Election Year,Republican,Republican,4,1,4
2017,Samuel Alito,George W. Bush,Republican,2006,Conservative,67,11,Stayed,,Donald Trump,Republican,1,Non-Election Year,Republican,Republican,4,1,4
2017,Sonia Sotomayor,Barack Obama,Democratic,2009,Liberal,63,8,Stayed,,Donald Trump,Republican,1,Non-Election Year,Republican,Republican,4,1,4
2017,Elena Kagan,Barack Obama,Democratic,2010,Liberal,57,7,Stayed,,Donald Trump,Republican,1,Non-Election Year,Republican,Republican,4,1,4
2017,Neil Gorsuch,Donald Trump,Republican,2017,Conservative,50,0,Stayed,,Donald Trump,Republican,1,Non-Election Year,Republican,Republican,4,1,4
2018,Anthony Kennedy,Ronald Reagan,Republican,1988,Moderate,82,30,Left - Voluntary,Retired,Donald Trump,Republican,1,Mid-Term Election,Republican,Republican,5,1,4
2018,Clarence Thomas,George H.W. Bush,Republican,1991,Conservative,70,27,Stayed,,Donald Trump,Republican,1,Mid-Term Election,Republican,Republican,5,1,4
2018,Ruth Bader Ginsburg,Bill Clinton,Democratic,1993,Liberal,85,25,Stayed,,Donald Trump,Republican,1,Mid-Term Election,Republican,Republican,5,1,4
2018,Stephen Breyer,Bill Clinton,Democratic,1994,Liberal,80,24,Stayed,,Donald Trump,Republican,1,Mid-Term Election,Republican,Republican,5,1,4
2018,John Roberts,George W. Bush,Republican,2005,Conservative,63,13,Stayed,,Donald Trump,Republican,1,Mid-Term Election,Republican,Republican,5,1,4
2018,Samuel Alito,George W. Bush,Republican,2006,Conservative,68,12,Stayed,,Donald Trump,Republican,1,Mid-Term Election,Republican,Republican,5,1,4
2018,Sonia Sotomayor,Barack Obama,Democratic,2009,Liberal,64,9,Stayed,,Donald Trump,Republican,1,Mid-Term Election,Republican,Republican,5,1,4
2018,Elena Kagan,Barack Obama,Democratic,2010,Liberal,58,8,Stayed,,Donald Trump,Republican,1,Mid-Term Election,Republican,Republican,5,1,4
2018,Neil Gorsuch,Donald Trump,Republican,2017,Conservative,51,1,Stayed,,Donald Trump,Republican,1,Mid-Term Election,Republican,Republican,5,1,4
2018,Brett Kavanaugh,Donald Trump,Republican,2018,Conservative,53,0,Stayed,,Donald Trump,Republican,1,Mid-Term Election,Republican,Republican,5,1,4
2019,Clarence Thomas,George H.W. Bush,Republican,1991,Conservative,71,28,Stayed,,Donald Trump,Republican,1,Non-Election Year,Democratic,Republican,5,0,4
2019,Ruth Bader Ginsburg,Bill Clinton,Democratic,1993,Liberal,86,26,Stayed,,Donald Trump,Republican,1,Non-Election Year,Democratic,Republican,5,0,4
2019,Stephen Breyer,Bill Clinton,Democratic,1994,Liberal,81,25,Stayed,,Donald Trump,Republican,1,Non-Election Year,Democratic,Republican,5,0,4
2019,John Roberts,George W. Bush,Republican,2005,Conservative,64,14,Stayed,,Donald Trump,Republican,1,Non-Election Year,Democratic,Republican,5,0,4
2019,Samuel Alito,George W. Bush,Republican,2006,Conservative,69,13,Stayed,,Donald Trump,Republican,1,Non-Election Year,Democratic,Republican,5,0,4
2019,Sonia Sotomayor,Barack Obama,Democratic,2009,Liberal,65,10,Stayed,,Donald Trump,Republican,1,Non-Election Year,Democratic,Republican,5,0,4
2019,Elena Kagan,Barack Obama,Democratic,2010,Liberal,59,9,Stayed,,Donald Trump,Republican,1,Non-Election Year,Democratic,Republican,5,0,4
2019,Neil Gorsuch,Donald Trump,Republican,2017,Conservative,52,2,Stayed,,Donald Trump,Republican,1,Non-Election Year,Democratic,Republican,5,0,4
2019,Brett Kavanaugh,Donald Trump,Republican,2018,Conservative,54,1,Stayed,,Donald Trump,Republican,1,Non-Election Year,Democratic,Republican,5,0,4
2020,Clarence Thomas,George H.W. Bush,Republican,1991,Conservative,72,29,Stayed,,Donald Trump,Republican,1,Presidential Election,Democratic,Republican,6,0,4
2020,Ruth Bader Ginsburg,Bill Clinton,Democratic,1993,Liberal,87,27,Left - Involuntary,Died in office,Donald Trump,Republican,1,Presidential Election,Democratic,Republican,6,0,4
2020,Stephen Breyer,Bill Clinton,Democratic,1994,Liberal,82,26,Stayed,,Donald Trump,Republican,1,Presidential Election,Democratic,Republican,6,0,4
2020,John Roberts,George W. Bush,Republican,2005,Conservative,65,15,Stayed,,Donald Trump,Republican,1,Presidential Election,Democratic,Republican,6,0,4
2020,Samuel Alito,George W. Bush,Republican,2006,Conservative,70,14,Stayed,,Donald Trump,Republican,1,Presidential Election,Democratic,Republican,6,0,4
2020,Sonia Sotomayor,Barack Obama,Democratic,2009,Liberal,66,11,Stayed,,Donald Trump,Republican,1,Presidential Election,Democratic,Republican,6,0,4
2020,Elena Kagan,Barack Obama,Democratic,2010,Liberal,60,10,Stayed,,Donald Trump,Republican,1,Presidential Election,Democratic,Republican,6,0,4
2020,Neil Gorsuch,Donald Trump,Republican,2017,Conservative,53,3,Stayed,,Donald Trump,Republican,1,Presidential Election,Democratic,Republican,6,0,4
2020,Brett Kavanaugh,Donald Trump,Republican,2018,Conservative,55,2,Stayed,,Donald Trump,Republican,1,Presidential Election,Democratic,Republican,6,0,4
2020,Amy Coney Barrett,Donald Trump,Republican,2020,Conservative,48,0,Stayed,,Donald Trump,Republican,1,Presidential Election,Democratic,Republican,6,0,4
2021,Clarence Thomas,George H.W. Bush,Republican,1991,Conservative,73,30,Stayed,,Joe Biden,Democratic,1,Non-Election Year,Democratic,Democratic,6,0,3
2021,Stephen Breyer,Bill Clinton,Democratic,1994,Liberal,83,27,Stayed,,Joe Biden,Democratic,1,Non-Election Year,Democratic,Democratic,6,0,3
2021,John Roberts,George W. Bush,Republican,2005,Conservative,66,16,Stayed,,Joe Biden,Democratic,1,Non-Election Year,Democratic,Democratic,6,0,3
2021,Samuel Alito,George W. Bush,Republican,2006,Conservative,71,15,Stayed,,Joe Biden,Democratic,1,Non-Election Year,Democratic,Democratic,6,0,3
2021,Sonia Sotomayor,Barack Obama,Democratic,2009,Liberal,67,12,Stayed,,Joe Biden,Democratic,1,Non-Election Year,Democratic,Democratic,6,0,3
2021,Elena Kagan,Barack Obama,Democratic,2010,Liberal,61,11,Stayed,,Joe Biden,Democratic,1,Non-Election Year,Democratic,Democratic,6,0,3
2021,Neil Gorsuch,Donald Trump,Republican,2017,Conservative,54,4,Stayed,,Joe Biden,Democratic,1,Non-Election Year,Democratic,Democratic,6,0,3
2021,Brett Kavanaugh,Donald Trump,Republican,2018,Conservative,56,3,Stayed,,Joe Biden,Democratic,1,Non-Election Year,Democratic,Democratic,6,0,3
2021,Amy Coney Barrett,Donald Trump,Republican,2020,Conservative,49,1,Stayed,,Joe Biden,Democratic,1,Non-Election Year,Democratic,Democratic,6,0,3
2022,Clarence Thomas,George H.W. Bush,Republican,1991,Conservative,74,31,Stayed,,Joe Biden,Democratic,1,Mid-Term Election,Democratic,Democratic,6,0,4
2022,Stephen Breyer,Bill Clinton,Democratic,1994,Liberal,84,28,Left - Voluntary,Retired,Joe Biden,Democratic,1,Mid-Term Election,Democratic,Democratic,6,0,4
2022,John Roberts,George W. Bush,Republican,2005,Conservative,67,17,Stayed,,Joe Biden,Democratic,1,Mid-Term Election,Democratic,Democratic,6,0,4
2022,Samuel Alito,George W. Bush,Republican,2006,Conservative,72,16,Stayed,,Joe Biden,Democratic,1,Mid-Term Election,Democratic,Democratic,6,0,4
2022,Sonia Sotomayor,Barack Obama,Democratic,2009,Liberal,68,13,Stayed,,Joe Biden,Democratic,1,Mid-Term Election,Democratic,Democratic,6,0,4
2022,Elena Kagan,Barack Obama,Democratic,2010,Liberal,62,12,Stayed,,Joe Biden,Democratic,1,Mid-Term Election,Democratic,Democratic,6,0,4
2022,Neil Gorsuch,Donald Trump,Republican,2017,Conservative,55,5,Stayed,,Joe Biden,Democratic,1,Mid-Term Election,Democratic,Democratic,6,0,4
2022,Brett Kavanaugh,Donald Trump,Republican,2018,Conservative,57,4,Stayed,,Joe Biden,Democratic,1,Mid-Term Election,Democratic,Democratic,6,0,4
2022,Amy Coney Barrett,Donald Trump,Republican,2020,Conservative,50,2,Stayed,,Joe Biden,Democratic,1,Mid-Term Election,Democratic,Democratic,6,0,4
2022,Ketanji Brown Jackson,Joe Biden,Democratic,2022,Liberal,52,0,Stayed,,Joe Biden,Democratic,1,Mid-Term Election,Democratic,Democratic,6,0,4
2023,Clarence Thomas,George H.W. Bush,Republican,1991,Conservative,75,32,Stayed,,Joe Biden,Democratic,1,Non-Election Year,Republican,Democratic,6,0,3
2023,John Roberts,George W. Bush,Republican,2005,Conservative,68,18,Stayed,,Joe Biden,Democratic,1,Non-Election Year,Republican,Democratic,6,0,3
2023,Samuel Alito,George W. Bush,Republican,2006,Conservative,73,17,Stayed,,Joe Biden,Democratic,1,Non-Election Year,Republican,Democratic,6,0,3
2023,Sonia Sotomayor,Barack Obama,Democratic,2009,Liberal,69,14,Stayed,,Joe Biden,Democratic,1,Non-Election Year,Republican,Democratic,6,0,3
2023,Elena Kagan,Barack Obama,Democratic,2010,Liberal,63,13,Stayed,,Joe Biden,Democratic,1,Non-Election Year,Republican,Democratic,6,0,3
2023,Neil Gorsuch,Donald Trump,Republican,2017,Conservative,56,6,Stayed,,Joe Biden,Democratic,1,Non-Election Year,Republican,Democratic,6,0,3
2023,Brett Kavanaugh,Donald Trump,Republican,2018,Conservative,58,5,Stayed,,Joe Biden,Democratic,1,Non-Election Year,Republican,Democratic,6,0,3
2023,Amy Coney Barrett,Donald Trump,Republican,2020,Conservative,51,3,Stayed,,Joe Biden,Democratic,1,Non-Election Year,Republican,Democratic,6,0,3
2023,Ketanji Brown Jackson,Joe Biden,Democratic,2022,Liberal,53,1,Stayed,,Joe Biden,Democratic,1,Non-Election Year,Republican,Democratic,6,0,3
2024,Clarence Thomas,George H.W. Bush,Republican,1991,Conservative,76,33,Stayed,,Joe Biden,Democratic,1,Presidential Election,Republican,Democratic,6,0,3
2024,John Roberts,George W. Bush,Republican,2005,Conservative,69,19,Stayed,,Joe Biden,Democratic,1,Presidential Election,Republican,Democratic,6,0,3
2024,Samuel Alito,George W. Bush,Republican,2006,Conservative,74,18,Stayed,,Joe Biden,Democratic,1,Presidential Election,Republican,Democratic,6,0,3
2024,Sonia Sotomayor,Barack Obama,Democratic,2009,Liberal,70,15,Stayed,,Joe Biden,Democratic,1,Presidential Election,Republican,Democratic,6,0,3
2024,Elena Kagan,Barack Obama,Democratic,2010,Liberal,64,14,Stayed,,Joe Biden,Democratic,1,Presidential Election,Republican,Democratic,6,0,3
2024,Neil Gorsuch,Donald Trump,Republican,2017,Conservative,57,7,Stayed,,Joe Biden,Democratic,1,Presidential Election,Republican,Democratic,6,0,3
2024,Brett Kavanaugh,Donald Trump,Republican,2018,Conservative,59,6,Stayed,,Joe Biden,Democratic,1,Presidential Election,Republican,Democratic,6,0,3
2024,Amy Coney Barrett,Donald Trump,Republican,2020,Conservative,52,4,Stayed,,Joe Biden,Democratic,1,Presidential Election,Republican,Democratic,6,0,3
2024,Ketanji Brown Jackson,Joe Biden,Democratic,2022,Liberal,54,2,Stayed,,Joe Biden,Democratic,1,Presidential Election,Republican,Democratic,6,0,3
2025,Clarence Thomas,George H.W. Bush,Republican,1991,Conservative,77,34,Stayed,,Donald Trump,Republican,1,Non-Election Year,Republican,Republican,6,0,3
2025,John Roberts,George W. Bush,Republican,2005,Conservative,70,20,Stayed,,Donald Trump,Republican,1,Non-Election Year,Republican,Republican,6,0,3
2025,Samuel Alito,George W. Bush,Republican,2006,Conservative,75,19,Stayed,,Donald Trump,Republican,1,Non-Election Year,Republican,Republican,6,0,3
2025,Sonia Sotomayor,Barack Obama,Democratic,2009,Liberal,71,16,Stayed,,Donald Trump,Republican,1,Non-Election Year,Republican,Republican,6,0,3
2025,Elena Kagan,Barack Obama,Democratic,2010,Liberal,65,15,Stayed,,Donald Trump,Republican,1,Non-Election Year,Republican,Republican,6,0,3
2025,Neil Gorsuch,Donald Trump,Republican,2017,Conservative,58,8,Stayed,,Donald Trump,Republican,1,Non-Election Year,Republican,Republican,6,0,3
2025,Brett Kavanaugh,Donald Trump,Republican,2018,Conservative,60,7,Stayed,,Donald Trump,Republican,1,Non-Election Year,Republican,Republican,6,0,3
2025,Amy Coney Barrett,Donald Trump,Republican,2020,Conservative,53,5,Stayed,,Donald Trump,Republican,1,Non-Election Year,Republican,Republican,6,0,3
2025,Ketanji Brown Jackson,Joe Biden,Democratic,2022,Liberal,55,3,Stayed,,Donald Trump,Republican,1,Non-Election Year,Republican,Republican,6,0,3